district_id,Region,Class,Latitude,Longitude,total_pop,pop_0_14,pop_15_64,pop_65plus,child_pop_pct,poverty_incidence,poverty_intensity,census_uninsured_pct,illiterate_pct,employed_pct,imm_bcg_pct,imm_dpt1_pct,imm_dpt2_pct,imm_dpt3_pct,imm_polio1_pct,imm_polio2_pct,imm_polio3_pct,imm_measles_pct,imm_fully_vaccinated_pct,imm_no_vaccination_pct,dpt_dropout_rate,imm_coverage_composite,cm_u5mr,cm_imr,cm_nmr,diarrhea_prev_pct,dhs_no_insurance_women_pct,facility_delivery_pct,women_no_education_pct,women_literate_pct,risk_index_binary,risk_index_binary_rel,idri,lisa_cluster,gi_z,hotspot_flag,rf_risk_score,xgb_risk_score,shap_top_feature
Asunafo North Municipal,Ahafo,Municipal,6.81509969999999,-2.67736640122449,151258,54201,91432,5625,35.83347657644554,26.1,42.0,14.236602361527986,26.32191355167991,34.12117045048857,88.8,91.7,90.5,88.5,88.6,85.5,78.5,84.1,70.8,8.3,3.200000000000003,0.8497499999999999,29.0,17.0,13.0,10.95,4.7,92.65,17.5,48.3,1,1,0.2591667490185629,NS,-0.2835431537790745,0,0.592,0.4071,dhs_no_insurance_women_pct
Asunafo South,Ahafo,District,6.56280465,-2.53279356335542,91693,33853,54241,3599,36.91993936287394,26.2,42.7,47.49544676256639,28.8931543302106,35.63085513616088,88.8,91.7,90.5,88.5,88.6,85.5,78.5,84.1,70.8,8.3,3.200000000000003,0.8497499999999999,29.0,17.0,13.0,10.95,4.7,92.65,17.5,48.3,1,1,0.4044316136104404,NS,-0.2714337745761228,0,0.5472,0.4431,dhs_no_insurance_women_pct
Asutifi North,Ahafo,District,7.07651835,-2.52531850396715,73556,26046,44681,2829,35.40975583229105,26.6,43.1,17.297025395616945,25.550600902713576,33.20327369623144,88.8,91.7,90.5,88.5,88.6,85.5,78.5,84.1,70.8,8.3,3.200000000000003,0.8497499999999999,29.0,17.0,13.0,10.95,4.7,92.65,17.5,48.3,1,1,0.3028902829077879,LL,-0.728033511724902,-1,0.6045,0.6876,dhs_no_insurance_women_pct
Asutifi South,Ahafo,District,6.84924284999999,-2.46125343688365,67334,24916,39893,2525,37.00359402382155,23.2,42.4,21.672557697448543,29.25862120177028,32.05215789942674,88.8,91.7,90.5,88.5,88.6,85.5,78.5,84.1,70.8,8.3,3.200000000000003,0.8497499999999999,29.0,17.0,13.0,10.95,4.7,92.65,17.5,48.3,1,1,0.3237817837767252,NS,-0.3695068573496035,0,0.5738,0.5158,dhs_no_insurance_women_pct
Tano North Municipal,Ahafo,Municipal,7.19329065,-2.2080833699397,93838,32797,56534,4507,34.950659647477565,21.6,42.3,14.104094290159637,23.449988277670027,33.503484729001045,88.8,91.7,90.5,88.5,88.6,85.5,78.5,84.1,70.8,8.3,3.200000000000003,0.8497499999999999,29.0,17.0,13.0,10.95,4.7,92.65,17.5,48.3,1,1,0.2377560273945886,NS,-0.5467844151438948,0,0.6108,0.5304,dhs_no_insurance_women_pct
Tano South Municipal,Ahafo,Municipal,7.16093674999999,-1.99681708617696,86989,31841,51200,3948,36.60347860074262,23.7,42.6,20.452011173826577,27.90582717355068,33.336398855027646,88.8,91.7,90.5,88.5,88.6,85.5,78.5,84.1,70.8,8.3,3.200000000000003,0.8497499999999999,29.0,17.0,13.0,10.95,4.7,92.65,17.5,48.3,1,1,0.3082563209033532,NS,-0.2335191195772664,0,0.5962,0.6364,dhs_no_insurance_women_pct
Adansi Asokwa,Ashanti,District,6.2467263,-1.50841,71844,26456,41999,3389,36.82423027671065,32.4,43.3,50.14893380101331,28.261232670786708,32.77935526975113,97.2,99.4,97.9,92.7,99.3,95.0,89.9,91.9,80.3,0.0,6.700000000000003,0.92925,45.0,34.0,23.0,17.6,7.5,91.85,9.0,61.5,0,0,0.4722305154578344,NS,-0.1092528923176685,0,0.9204,0.9926,facility_delivery_pct
Adansi North,Ashanti,District,6.3006124,-1.5897139446089,54155,18243,33485,2427,33.68664019942757,19.7,42.8,27.63364416951343,18.157141538177456,32.15030929738713,97.2,99.4,97.9,92.7,99.3,95.0,89.9,91.9,80.3,0.0,6.700000000000003,0.92925,45.0,34.0,23.0,17.6,7.5,91.85,9.0,61.5,0,0,0.2740085253401197,NS,-0.3968588952738462,0,0.941,0.9933,facility_delivery_pct
Adansi South,Ashanti,District,6.00427495,-1.39314032189093,85200,31297,49996,3907,36.733568075117375,35.0,43.2,46.093896713615024,27.070422535211268,34.78051643192489,97.2,99.4,97.9,92.7,99.3,95.0,89.9,91.9,80.3,0.0,6.700000000000003,0.92925,45.0,34.0,23.0,17.6,7.5,91.85,9.0,61.5,0,0,0.4437111532082894,NS,0.1892946795708529,0,0.9189,0.9879,facility_delivery_pct
Afigya Kwabre North,Ashanti,District,7.03891495,-1.62667127242319,73330,29049,41355,2926,39.614073366971226,25.2,43.7,30.1200054547934,23.979271785081146,29.11495977089868,97.2,99.4,97.9,92.7,99.3,95.0,89.9,91.9,80.3,0.0,6.700000000000003,0.92925,45.0,34.0,23.0,17.6,7.5,91.85,9.0,61.5,0,0,0.4286278674564776,NS,-0.1605010434515668,0,0.9789,0.998,facility_delivery_pct
Afigya Kwabre South,Ashanti,District,6.83998064999999,-1.60957900170106,234667,86710,141162,6795,36.95023160478465,13.0,43.3,24.97112930237315,13.424980930424816,31.968278454149925,97.2,99.4,97.9,92.7,99.3,95.0,89.9,91.9,80.3,0.0,6.700000000000003,0.92925,45.0,34.0,23.0,17.6,7.5,91.85,9.0,61.5,0,0,0.2724205014005575,LL,-0.5784181919614492,-1,0.9156,0.9926,facility_delivery_pct
Ahafo Ano North Municipal,Ashanti,Municipal,6.90966445,-2.23301229669742,92742,34011,54838,3893,36.6727049233357,26.5,41.2,30.63768303465528,24.91643484074098,36.02143581117509,97.2,99.4,97.9,92.7,99.3,95.0,89.9,91.9,80.3,0.0,6.700000000000003,0.92925,45.0,34.0,23.0,17.6,7.5,91.85,9.0,61.5,0,0,0.2854630460954687,NS,-0.4025532118977412,0,0.9458,0.9838,facility_delivery_pct
Ahafo Ano South East,Ashanti,District,6.94633355,-1.90095355028736,63468,25185,35377,2906,39.68141425600302,31.8,42.5,32.337555933698866,32.235142118863045,32.394277431146406,97.2,99.4,97.9,92.7,99.3,95.0,89.9,91.9,80.3,0.0,6.700000000000003,0.92925,45.0,34.0,23.0,17.6,7.5,91.85,9.0,61.5,0,0,0.4285683390416462,NS,-0.2528882153851314,0,0.9803,0.9975,facility_delivery_pct
Ahafo Ano South West,Ashanti,District,6.8289788,-2.00038660056909,65770,24659,38142,2969,37.49277786224722,31.9,41.8,37.518625513151896,31.427702599969592,34.75748821651209,97.2,99.4,97.9,92.7,99.3,95.0,89.9,91.9,80.3,0.0,6.700000000000003,0.92925,45.0,34.0,23.0,17.6,7.5,91.85,9.0,61.5,0,0,0.385187127738947,NS,-0.1902755089364557,0,0.947,0.9792,facility_delivery_pct
Akrofuom,Ashanti,District,6.03262245,-1.67136425707588,49291,17491,29718,2082,35.48517985027693,37.0,44.2,42.83946359375951,30.033880424418253,32.70171025136435,97.2,99.4,97.9,92.7,99.3,95.0,89.9,91.9,80.3,0.0,6.700000000000003,0.92925,45.0,34.0,23.0,17.6,7.5,91.85,9.0,61.5,0,0,0.4808307568236171,NS,-0.1448464425180282,0,0.9122,0.9906,facility_delivery_pct
Amansie Central,Ashanti,District,6.20744165,-1.82814118592735,93052,32406,56066,4580,34.8256888621416,28.6,43.3,33.994970554098785,29.44160254481365,36.08734900915617,97.2,99.4,97.9,92.7,99.3,95.0,89.9,91.9,80.3,0.0,6.700000000000003,0.92925,45.0,34.0,23.0,17.6,7.5,91.85,9.0,61.5,0,0,0.3591815327112452,NS,-0.14302972239558,0,0.92,0.9857,facility_delivery_pct
Amansie South,Ashanti,District,6.30802585,-2.01186652006877,113155,37756,72001,3398,33.36662100658389,30.3,44.4,48.13839423799213,30.172771861605764,36.24232247801688,97.2,99.4,97.9,92.7,99.3,95.0,89.9,91.9,80.3,0.0,6.700000000000003,0.92925,45.0,34.0,23.0,17.6,7.5,91.85,9.0,61.5,0,0,0.4329158308025708,NS,-0.1207342534223905,0,0.9165,0.9805,facility_delivery_pct
Amansie West,Ashanti,District,6.43975084999999,-1.85237045719587,112627,41149,67184,4294,36.53564420609623,31.0,44.7,43.01810400703206,26.99707885320572,30.3275413533167,97.2,99.4,97.9,92.7,99.3,95.0,89.9,91.9,80.3,0.0,6.700000000000003,0.92925,45.0,34.0,23.0,17.6,7.5,91.85,9.0,61.5,0,0,0.4930296812956306,NS,-0.2290150958967138,0,0.9485,0.9947,facility_delivery_pct
Asante Akim Central Municipal,Ashanti,Municipal,6.56465915,-1.25347851347396,91673,31400,56241,4032,34.25217894036412,16.9,42.6,19.683003719743,17.219901170464585,32.1283256793167,97.2,99.4,97.9,92.7,99.3,95.0,89.9,91.9,80.3,0.0,6.700000000000003,0.92925,45.0,34.0,23.0,17.6,7.5,91.85,9.0,61.5,0,0,0.2328106398275312,NS,-0.4506631119107778,0,0.9661,0.9938,facility_delivery_pct
Asante Akim North Municipal,Ashanti,Municipal,6.906722,-0.958978,85202,28732,52202,4268,33.72221309358935,26.0,42.1,33.99920189666909,23.846858054975232,35.04025727095608,97.2,99.4,97.9,92.7,99.3,95.0,89.9,91.9,80.3,0.0,6.700000000000003,0.92925,45.0,34.0,23.0,17.6,7.5,91.85,9.0,61.5,0,0,0.2958810408127521,NS,-0.1709067624228796,0,0.9614,0.9881,facility_delivery_pct
Asante Akim South Municipal,Ashanti,Municipal,6.46141735,-1.11533920112058,123633,46188,70310,7135,37.35895755987479,24.6,42.2,32.611843116320074,25.618564622714,35.180736534743964,97.2,99.4,97.9,92.7,99.3,95.0,89.9,91.9,80.3,0.0,6.700000000000003,0.92925,45.0,34.0,23.0,17.6,7.5,91.85,9.0,61.5,0,0,0.3290542391903506,NS,-0.2390672025576511,0,0.943,0.9923,facility_delivery_pct
Asokore Mampong Municipal,Ashanti,Municipal,6.7077852,-1.5665013,191402,62820,120969,7613,32.820973657537536,11.3,42.7,20.275127741611897,19.35089497497414,34.58689041911788,97.2,99.4,97.9,92.7,99.3,95.0,89.9,91.9,80.3,0.0,6.700000000000003,0.92925,45.0,34.0,23.0,17.6,7.5,91.85,9.0,61.5,0,0,0.1911110907271218,LL,-1.0323422695171491,-1,0.9459,0.9919,facility_delivery_pct
Asokwa Municipal,Ashanti,Municipal,6.6739843,-1.6026178,125642,39287,81383,4972,31.269002403654827,6.3,41.4,14.247624202098024,10.732080036930329,38.44096719249933,97.2,99.4,97.9,92.7,99.3,95.0,89.9,91.9,80.3,0.0,6.700000000000003,0.92925,45.0,34.0,23.0,17.6,7.5,91.85,9.0,61.5,0,0,0.0419236422532796,LL,-1.1116980676331083,-1,0.8779,0.9805,facility_delivery_pct
Atwima Kwanwoma,Ashanti,District,6.65,-1.73333,234846,84950,142066,7830,36.172640794392926,13.8,43.3,26.15288316598963,13.568040332813844,31.918363523330186,97.2,99.4,97.9,92.7,99.3,95.0,89.9,91.9,80.3,0.0,6.700000000000003,0.92925,45.0,34.0,23.0,17.6,7.5,91.85,9.0,61.5,0,0,0.272722444337327,LL,-0.6709257126529828,-1,0.9058,0.9921,facility_delivery_pct
Atwima Mponua,Ashanti,District,6.5558963,-2.17659077213842,155254,58631,90341,6282,37.76456645239414,25.1,42.4,24.132711556546045,29.223723704381204,35.16044675177451,97.2,99.4,97.9,92.7,99.3,95.0,89.9,91.9,80.3,0.0,6.700000000000003,0.92925,45.0,34.0,23.0,17.6,7.5,91.85,9.0,61.5,0,0,0.3220923828997363,NS,-0.1828427084095796,0,0.9351,0.9839,facility_delivery_pct
Atwima Nwabiagya North,Ashanti,District,6.87764335,-1.74489585317473,155025,56070,93744,5211,36.16835994194485,13.5,43.1,21.41332043218836,15.73681664247702,31.325270117722948,97.2,99.4,97.9,92.7,99.3,95.0,89.9,91.9,80.3,0.0,6.700000000000003,0.92925,45.0,34.0,23.0,17.6,7.5,91.85,9.0,61.5,0,0,0.2609662957861894,NS,-0.5274273314384121,0,0.9692,0.9937,facility_delivery_pct
Atwima Nwabiagya South Municipal,Ashanti,Municipal,7.0689359,-2.0226618,161893,56647,99554,5692,34.990394890452336,12.5,43.0,23.43584960436832,13.833828516365749,33.54314269301329,97.2,99.4,97.9,92.7,99.3,95.0,89.9,91.9,80.3,0.0,6.700000000000003,0.92925,45.0,34.0,23.0,17.6,7.5,91.85,9.0,61.5,0,0,0.2265028928083662,NS,-0.5292498867893208,0,0.9213,0.9886,facility_delivery_pct
Bekwai Municipal,Ashanti,Municipal,6.43631235,-1.59282285301503,137967,48084,82101,7782,34.85181238991933,19.4,43.6,27.69792776533519,17.872389774366333,31.904006030427567,97.2,99.4,97.9,92.7,99.3,95.0,89.9,91.9,80.3,0.0,6.700000000000003,0.92925,45.0,34.0,23.0,17.6,7.5,91.85,9.0,61.5,0,0,0.3077606999829703,NS,-0.2429853035825302,0,0.9537,0.9946,facility_delivery_pct
Bosome Freho,Ashanti,District,6.3681227,-1.36632312680072,62259,23793,35091,3375,38.21616151881656,31.3,41.0,49.05154274883953,28.545270563292053,36.76095022406399,97.2,99.4,97.9,92.7,99.3,95.0,89.9,91.9,80.3,0.0,6.700000000000003,0.92925,45.0,34.0,23.0,17.6,7.5,91.85,9.0,61.5,0,0,0.3837986189580579,NS,-0.2869329423842846,0,0.9144,0.9856,facility_delivery_pct
Bosomtwi,Ashanti,District,6.1777503,-0.1969922,165180,59630,98628,6922,36.10001210800339,16.1,43.8,28.312749727569926,13.871534084029545,31.89187552972515,97.2,99.4,97.9,92.7,99.3,95.0,89.9,91.9,80.3,0.0,6.700000000000003,0.92925,45.0,34.0,23.0,17.6,7.5,91.85,9.0,61.5,0,0,0.3029679176583425,LL,-0.7966135325232105,-1,0.8799,0.9865,facility_delivery_pct
Ejisu Municipal,Ashanti,Municipal,6.7139918,-1.4665782,180723,62187,110743,7793,34.41011935392839,13.5,43.6,21.68788698726781,14.908451054929367,32.427527210150345,97.2,99.4,97.9,92.7,99.3,95.0,89.9,91.9,80.3,0.0,6.700000000000003,0.92925,45.0,34.0,23.0,17.6,7.5,91.85,9.0,61.5,0,0,0.2471062063325773,LL,-0.6421049799424895,-1,0.9609,0.9917,facility_delivery_pct
Ejura Sekyedumase Municipal,Ashanti,Municipal,7.38567515,-1.39945747215309,137672,54929,77619,5124,39.89845429717008,25.0,42.2,33.57618106804579,35.88166075890523,31.946946365273988,97.2,99.4,97.9,92.7,99.3,95.0,89.9,91.9,80.3,0.0,6.700000000000003,0.92925,45.0,34.0,23.0,17.6,7.5,91.85,9.0,61.5,0,0,0.4179211122940055,NS,-0.1065820568061327,0,0.9621,0.9957,facility_delivery_pct
Juaben Municipal,Ashanti,Municipal,6.0721368,-0.260652306105858,63929,23742,36797,3390,37.13807505201083,20.9,43.1,30.422812807958827,21.971249354752928,33.24469333166481,97.2,99.4,97.9,92.7,99.3,95.0,89.9,91.9,80.3,0.0,6.700000000000003,0.92925,45.0,34.0,23.0,17.6,7.5,91.85,9.0,61.5,0,0,0.33418786214836,NS,-0.5777137592483427,0,0.9319,0.9943,facility_delivery_pct
"Kumasi Metropolitan Area (KMA)-Bantama, Manhyia North, Manhyia South, Nhyiaeso, & Subin",Ashanti,Metropolitan,6.698152,-1.621229,443945,126044,299810,18091,28.391805291195983,8.9,42.3,22.551667436281523,10.821385531991575,37.05504060187636,97.2,99.4,97.9,92.7,99.3,95.0,89.9,91.9,80.3,0.0,6.700000000000003,0.92925,45.0,34.0,23.0,17.6,7.5,91.85,9.0,61.5,0,0,0.0887338690975352,LL,-1.2840340244113215,-1,0.8975,0.9742,facility_delivery_pct
Kwabre East,Ashanti,Municipal,6.7897864,-1.53792852576917,296814,107533,179517,9764,36.22908622908623,10.6,43.3,24.40585686658985,12.887195347928332,33.63958573382657,97.2,99.4,97.9,92.7,99.3,95.0,89.9,91.9,80.3,0.0,6.700000000000003,0.92925,45.0,34.0,23.0,17.6,7.5,91.85,9.0,61.5,0,0,0.2397656915116237,LL,-0.6778545294447189,-1,0.9013,0.9919,facility_delivery_pct
Kwadaso Municipal,Ashanti,Municipal,6.68059249999999,-1.67467000057054,154526,45486,103201,5839,29.435823097731127,9.5,42.4,21.67272821402224,8.426413677957107,34.47445737286929,97.2,99.4,97.9,92.7,99.3,95.0,89.9,91.9,80.3,0.0,6.700000000000003,0.92925,45.0,34.0,23.0,17.6,7.5,91.85,9.0,61.5,0,0,0.1133681928973991,LL,-1.0613560187652438,-1,0.9003,0.9743,facility_delivery_pct
Mampong Municipal,Ashanti,Municipal,7.056139,-1.40425,116632,39935,71036,5661,34.24017422319775,22.5,42.6,29.79371013101036,20.66928458742026,30.54050346388641,97.2,99.4,97.9,92.7,99.3,95.0,89.9,91.9,80.3,0.0,6.700000000000003,0.92925,45.0,34.0,23.0,17.6,7.5,91.85,9.0,61.5,0,0,0.3125488953373923,NS,-0.0478607612901352,0,0.9751,0.9967,facility_delivery_pct
Obuasi East,Ashanti,Municipal,6.1796409,-1.60356394182495,92401,31606,57813,2982,34.205257518858026,13.1,42.7,17.398080107358147,15.482516422982432,32.050518933777774,97.2,99.4,97.9,92.7,99.3,95.0,89.9,91.9,80.3,0.0,6.700000000000003,0.92925,45.0,34.0,23.0,17.6,7.5,91.85,9.0,61.5,0,0,0.2083352543091573,NS,-0.3509414228787664,0,0.9443,0.9899,facility_delivery_pct
Obuasi Municipal,Ashanti,Municipal,6.211542,-1.6894045,104297,33379,67601,3317,32.003796849382056,11.1,42.8,19.659242355964217,12.315790482947737,34.61652780041612,97.2,99.4,97.9,92.7,99.3,95.0,89.9,91.9,80.3,0.0,6.700000000000003,0.92925,45.0,34.0,23.0,17.6,7.5,91.85,9.0,61.5,0,0,0.1597589822890715,NS,-0.4575695152770959,0,0.8856,0.983,facility_delivery_pct
Offinso Municipal,Ashanti,Municipal,7.05794129999999,-1.73462655987467,137272,51264,80409,5599,37.34483361501253,23.5,42.8,30.81181887056356,24.84629057637392,30.63115566175185,97.2,99.4,97.9,92.7,99.3,95.0,89.9,91.9,80.3,0.0,6.700000000000003,0.92925,45.0,34.0,23.0,17.6,7.5,91.85,9.0,61.5,0,0,0.368663663065607,NS,-0.1068568006206281,0,0.9767,0.9977,facility_delivery_pct
Offinso North,Ashanti,District,7.27974815,-1.79832745610104,83440,33087,46907,3446,39.65364333652924,34.3,41.5,33.47315436241611,37.38974113135187,33.918983700862896,97.2,99.4,97.9,92.7,99.3,95.0,89.9,91.9,80.3,0.0,6.700000000000003,0.92925,45.0,34.0,23.0,17.6,7.5,91.85,9.0,61.5,0,0,0.4183578143463657,NS,-0.3502798544993797,0,0.9583,0.9953,facility_delivery_pct
Oforikrom Municipal,Ashanti,Municipal,6.672717,-1.5504236985326,213126,53181,152985,6960,24.952844796036143,10.0,42.8,23.01314715238873,10.1015361804754,30.163377532539435,97.2,99.4,97.9,92.7,99.3,95.0,89.9,91.9,80.3,0.0,6.700000000000003,0.92925,45.0,34.0,23.0,17.6,7.5,91.85,9.0,61.5,0,0,0.1265996522439572,LL,-1.0707264008594477,-1,0.9005,0.9912,facility_delivery_pct
Old Tafo Municipal,Ashanti,Municipal,6.74083555,-1.60465968075918,114368,36822,73484,4062,32.19606883044208,9.2,42.9,24.64762870733072,11.7270565193061,37.08030218242865,97.2,99.4,97.9,92.7,99.3,95.0,89.9,91.9,80.3,0.0,6.700000000000003,0.92925,45.0,34.0,23.0,17.6,7.5,91.85,9.0,61.5,0,0,0.1539605074253099,LL,-1.0077768513981695,-1,0.9117,0.989,facility_delivery_pct
Sekyere Afram Plains,Ashanti,District,7.20286155,-0.592081996515861,33226,14383,18134,709,43.28838861132848,50.5,40.8,63.40215493890327,51.70348522241618,32.67922711129838,97.2,99.4,97.9,92.7,99.3,95.0,89.9,91.9,80.3,0.0,6.700000000000003,0.92925,45.0,34.0,23.0,17.6,7.5,91.85,9.0,61.5,0,0,0.6556872887579512,NS,0.274284418872499,0,0.9372,0.993,facility_delivery_pct
Sekyere Central,Ashanti,District,7.21625465,-1.09955606489201,73228,27701,41341,4186,37.82842628502758,39.8,42.4,52.34200032774349,33.0187906265363,32.505325831649095,97.2,99.4,97.9,92.7,99.3,95.0,89.9,91.9,80.3,0.0,6.700000000000003,0.92925,45.0,34.0,23.0,17.6,7.5,91.85,9.0,61.5,0,0,0.5091452841060728,NS,0.2358835263359982,0,0.967,0.9933,facility_delivery_pct
Sekyere East,Ashanti,District,6.77947295,-1.29935419961981,74789,26657,44286,3846,35.64294214389817,17.3,42.5,23.58501918731364,17.21376138202142,31.70118600328925,97.2,99.4,97.9,92.7,99.3,95.0,89.9,91.9,80.3,0.0,6.700000000000003,0.92925,45.0,34.0,23.0,17.6,7.5,91.85,9.0,61.5,0,0,0.2623736715847548,NS,-0.4390235163308628,0,0.9693,0.9948,facility_delivery_pct
Sekyere Kumawu,Ashanti,District,6.9098849,-1.23942940155571,64396,23811,36536,4049,36.9758991241692,23.9,42.9,35.775514007081185,20.327349524815205,31.228647742095784,97.2,99.4,97.9,92.7,99.3,95.0,89.9,91.9,80.3,0.0,6.700000000000003,0.92925,45.0,34.0,23.0,17.6,7.5,91.85,9.0,61.5,0,0,0.3674410647698823,NS,-0.0280382193474325,0,0.9681,0.9951,facility_delivery_pct
Sekyere South,Ashanti,District,6.99532965,-1.50292100938884,120076,42410,71175,6491,35.31929777807389,22.6,42.8,26.93127685798994,17.737099836770046,30.519004630400747,97.2,99.4,97.9,92.7,99.3,95.0,89.9,91.9,80.3,0.0,6.700000000000003,0.92925,45.0,34.0,23.0,17.6,7.5,91.85,9.0,61.5,0,0,0.3094391365437859,NS,-0.3124637138337853,0,0.9719,0.9962,facility_delivery_pct
Suame Municipal,Ashanti,Municipal,6.738487,-1.62476687694823,136290,44226,87459,4605,32.449922958397536,8.7,42.7,23.688458434221147,10.34411915767848,38.17448088634529,97.2,99.4,97.9,92.7,99.3,95.0,89.9,91.9,80.3,0.0,6.700000000000003,0.92925,45.0,34.0,23.0,17.6,7.5,91.85,9.0,61.5,0,0,0.1325389842451461,LL,-1.0143755695216157,-1,0.8775,0.9875,facility_delivery_pct
Banda,Bono,District,8.1645269,-2.3569966,28179,10408,16424,1347,36.9353064338692,35.7,43.7,23.59203662301714,41.633840803435184,27.48855530714362,98.6,100.0,97.3,93.3,96.1,94.8,82.1,90.9,75.3,0.0,6.700000000000003,0.91225,36.0,24.0,13.0,9.2,1.5,90.2,11.8,61.5,1,1,0.4871457815894205,NS,-0.0534697726997267,0,0.8426,0.9806,dhs_no_insurance_women_pct
Berekum East Municipal,Bono,Municipal,7.4848835,-2.56459096524003,106252,34084,67295,4873,32.078454993788355,12.6,41.7,11.52637126830554,14.741369574219778,33.04314271731356,98.6,100.0,97.3,93.3,96.1,94.8,82.1,90.9,75.3,0.0,6.700000000000003,0.91225,36.0,24.0,13.0,9.2,1.5,90.2,11.8,61.5,1,1,0.1268170041331232,LL,-0.8473611522785218,-1,0.7884,0.8612,dhs_no_insurance_women_pct
Berekum West,Bono,District,7.47199419999999,-2.71078914019081,49464,16717,30022,2725,33.7962962962963,14.8,41.6,12.485848293708557,22.903525796538897,32.6742681546175,98.6,100.0,97.3,93.3,96.1,94.8,82.1,90.9,75.3,0.0,6.700000000000003,0.91225,36.0,24.0,13.0,9.2,1.5,90.2,11.8,61.5,1,1,0.1817465094938023,LL,-0.9942040269288864,-1,0.7829,0.8495,dhs_no_insurance_women_pct
Dormaa Central Municipal,Bono,Municipal,7.23948645,-2.85657511014467,112702,38087,68642,5973,33.794431332185766,15.8,41.7,17.335983389824495,22.177068729924933,35.00558996291104,98.6,100.0,97.3,93.3,96.1,94.8,82.1,90.9,75.3,0.0,6.700000000000003,0.91225,36.0,24.0,13.0,9.2,1.5,90.2,11.8,61.5,1,1,0.184523041397732,NS,-0.9287511539277564,0,0.7212,0.833,dhs_no_insurance_women_pct
Dormaa East,Bono,District,7.26432845,-2.64146295349265,67899,23068,41011,3820,33.97399078042386,19.5,41.7,13.639376132196352,24.6822486340005,33.240548461685734,98.6,100.0,97.3,93.3,96.1,94.8,82.1,90.9,75.3,0.0,6.700000000000003,0.91225,36.0,24.0,13.0,9.2,1.5,90.2,11.8,61.5,1,1,0.2085009482793212,LL,-0.9473234227109916,-1,0.7483,0.8685,dhs_no_insurance_women_pct
Dormaa West,Bono,District,6.97538415,-2.9463116043167,47913,17766,28563,1584,37.0797069688811,23.2,40.8,20.33894767599608,30.102477406966795,36.97535115730595,98.6,100.0,97.3,93.3,96.1,94.8,82.1,90.9,75.3,0.0,6.700000000000003,0.91225,36.0,24.0,13.0,9.2,1.5,90.2,11.8,61.5,1,1,0.239284487503544,NS,-0.4027307939224478,0,0.6855,0.848,dhs_no_insurance_women_pct
Jaman North,Bono,District,7.9132614,-2.69723280400663,116529,41554,69745,5230,35.65979284126698,14.5,42.4,7.06347776090072,26.408018604810817,30.99571780415176,98.6,100.0,97.3,93.3,96.1,94.8,82.1,90.9,75.3,0.0,6.700000000000003,0.91225,36.0,24.0,13.0,9.2,1.5,90.2,11.8,61.5,1,1,0.2265145577196186,NS,-0.5802075829134534,0,0.7863,0.9084,dhs_no_insurance_women_pct
Jaman South,Bono,Municipal,7.62036559999999,-2.7963718064665,109768,38938,65468,5362,35.472997594927484,15.6,42.1,8.824065301362873,26.3455651920414,32.62699511697399,98.6,100.0,97.3,93.3,96.1,94.8,82.1,90.9,75.3,0.0,6.700000000000003,0.91225,36.0,24.0,13.0,9.2,1.5,90.2,11.8,61.5,1,1,0.2134680858636377,LL,-0.97296592326398,-1,0.7821,0.8813,dhs_no_insurance_women_pct
Sunyani Municipal,Bono,Municipal,7.3384389,-2.3309226,193595,60654,126224,6717,31.33035460626565,10.9,41.5,11.18055734910509,14.46628270358222,33.47142229912963,98.6,100.0,97.3,93.3,96.1,94.8,82.1,90.9,75.3,0.0,6.700000000000003,0.91225,36.0,24.0,13.0,9.2,1.5,90.2,11.8,61.5,1,1,0.1023414356452134,NS,-0.8248795013222964,0,0.7541,0.9027,dhs_no_insurance_women_pct
Sunyani West Municipal,Bono,Municipal,7.35779433737633,-2.34687996021684,136022,43589,86766,5667,32.04555145491171,17.6,43.1,15.605563805854937,20.8275131963947,30.051021158342035,98.6,100.0,97.3,93.3,96.1,94.8,82.1,90.9,75.3,0.0,6.700000000000003,0.91225,36.0,24.0,13.0,9.2,1.5,90.2,11.8,61.5,1,1,0.2411978366651298,LL,-0.7462332168510051,-1,0.8016,0.9611,dhs_no_insurance_women_pct
Tain,Bono,District,7.9614185,-2.1422727,115568,42109,67967,5492,36.43655683234113,21.5,41.9,19.055447874844248,36.54558355254049,33.8986570677004,98.6,100.0,97.3,93.3,96.1,94.8,82.1,90.9,75.3,0.0,6.700000000000003,0.91225,36.0,24.0,13.0,9.2,1.5,90.2,11.8,61.5,1,1,0.298146581517808,NS,-0.5017887038827347,0,0.8461,0.9855,dhs_no_insurance_women_pct
Wenchi Municipal,Bono,Municipal,7.80281055,-2.08141333112632,124758,46668,72466,5624,37.40681960275092,23.6,42.2,20.25601564629122,33.76456820404303,30.8942111928694,98.6,100.0,97.3,93.3,96.1,94.8,82.1,90.9,75.3,0.0,6.700000000000003,0.91225,36.0,24.0,13.0,9.2,1.5,90.2,11.8,61.5,1,1,0.3424579444620844,NS,-0.4404154305773649,0,0.852,0.9868,dhs_no_insurance_women_pct
Atebubu Amantin Municipal,Bono East,Municipal,7.72813859999999,-1.09550967027384,144947,58535,82014,4398,40.38372646553568,28.8,41.5,25.492766321483025,40.99084492952596,32.79888510972977,97.7,98.9,96.4,89.7,95.8,91.8,84.6,91.9,77.8,0.7,9.200000000000005,0.90975,48.0,36.0,24.0,15.8,6.8,85.2,24.0,44.9,1,0,0.3980477796485254,NS,0.218388173727537,0,0.9308,0.9943,dhs_no_insurance_women_pct
Kintampo North Municipal,Bono East,Municipal,8.053714,-1.728919,140250,54380,80592,5278,38.77361853832442,28.1,43.4,21.59643493761141,40.52263814616756,28.54188948306595,97.7,98.9,96.4,89.7,95.8,91.8,84.6,91.9,77.8,0.7,9.200000000000005,0.90975,48.0,36.0,24.0,15.8,6.8,85.2,24.0,44.9,1,0,0.4506252248045413,HH,0.8293654711321752,1,0.9639,0.997,dhs_no_insurance_women_pct
Kintampo South,Bono East,District,7.94321545,-1.73400515142892,88384,34347,50013,4024,38.86110608254888,26.0,42.3,18.54860608254888,40.51751448225923,32.72877443881245,97.7,98.9,96.4,89.7,95.8,91.8,84.6,91.9,77.8,0.7,9.200000000000005,0.90975,48.0,36.0,24.0,15.8,6.8,85.2,24.0,44.9,1,0,0.3695202478513593,NS,0.0433408378420141,0,0.9436,0.9935,dhs_no_insurance_women_pct
Nkoranza North,Bono East,District,7.7184776,-1.64389618122841,56468,21021,32412,3035,37.226393709711694,25.8,41.4,17.748105121484734,34.745342494864346,33.34986186866898,97.7,98.9,96.4,89.7,95.8,91.8,84.6,91.9,77.8,0.7,9.200000000000005,0.90975,48.0,36.0,24.0,15.8,6.8,85.2,24.0,44.9,1,0,0.3012501700847075,NS,-0.3382499057359868,0,0.9299,0.9935,dhs_no_insurance_women_pct
Nkoranza South Municipal,Bono East,Municipal,7.45296465,-1.67701851419084,114642,42058,67765,4819,36.686380209696274,18.0,41.6,14.689206399050958,29.96196856300483,33.679628757348965,97.7,98.9,96.4,89.7,95.8,91.8,84.6,91.9,77.8,0.7,9.200000000000005,0.90975,48.0,36.0,24.0,15.8,6.8,85.2,24.0,44.9,1,0,0.2444745584294131,NS,-0.4186749673760784,0,0.9348,0.9923,dhs_no_insurance_women_pct
Pru East,Bono East,District,7.9636217,-0.9549861,100840,40728,57487,2625,40.38873462911543,30.3,41.2,28.239785799286,43.86354621182071,32.63189210630702,97.7,98.9,96.4,89.7,95.8,91.8,84.6,91.9,77.8,0.7,9.200000000000005,0.90975,48.0,36.0,24.0,15.8,6.8,85.2,24.0,44.9,1,0,0.4156365813424275,NS,0.6383787354156584,0,0.9368,0.9955,dhs_no_insurance_women_pct
Pru West,Bono East,District,8.03487795,-1.31329234137589,69820,28001,39401,2418,40.10455456889144,38.3,40.8,41.2202807218562,47.33743912918935,33.55771985104555,97.7,98.9,96.4,89.7,95.8,91.8,84.6,91.9,77.8,0.7,9.200000000000005,0.90975,48.0,36.0,24.0,15.8,6.8,85.2,24.0,44.9,1,0,0.4806232506169126,NS,0.1633406623909609,0,0.9186,0.9939,dhs_no_insurance_women_pct
Sene East,Bono East,District,7.6658435,-0.182426172494555,72081,30938,39192,1951,42.921158141535216,49.5,41.5,43.63424480792442,49.89525672507318,32.20821020796049,97.7,98.9,96.4,89.7,95.8,91.8,84.6,91.9,77.8,0.7,9.200000000000005,0.90975,48.0,36.0,24.0,15.8,6.8,85.2,24.0,44.9,1,0,0.5953206053886793,HH,0.7683796703029518,1,0.9452,0.9948,dhs_no_insurance_women_pct
Sene West,Bono East,District,7.74897775,-0.618112944814146,70104,27795,39921,2388,39.64823690516946,26.8,41.0,20.325516375670432,47.627810110692685,37.01500627638936,97.7,98.9,96.4,89.7,95.8,91.8,84.6,91.9,77.8,0.7,9.200000000000005,0.90975,48.0,36.0,24.0,15.8,6.8,85.2,24.0,44.9,1,0,0.3397322231640187,LH,0.7873316038321846,1,0.9379,0.9943,dhs_no_insurance_women_pct
Techiman Municipal,Bono East,Municipal,7.5279454,-1.97466940505838,243335,86102,149049,8184,35.3841412045123,9.8,41.4,11.530605954753735,23.614358805761604,36.65152978404257,97.7,98.9,96.4,89.7,95.8,91.8,84.6,91.9,77.8,0.7,9.200000000000005,0.90975,48.0,36.0,24.0,15.8,6.8,85.2,24.0,44.9,1,0,0.1413480814708153,NS,-0.568913353906076,0,0.8989,0.9894,dhs_no_insurance_women_pct
Techiman North,Bono East,District,7.70365499999999,-1.98577027897075,102529,36438,62040,4051,35.53921329575047,15.0,41.8,14.989905295087244,26.8753230793239,33.47930829326337,97.7,98.9,96.4,89.7,95.8,91.8,84.6,91.9,77.8,0.7,9.200000000000005,0.90975,48.0,36.0,24.0,15.8,6.8,85.2,24.0,44.9,1,0,0.2206064865907985,NS,-0.5584281678961092,0,0.924,0.992,dhs_no_insurance_women_pct
Abura Asebu Kwamankese,Central,District,5.2698722,-1.18890498156872,124465,44963,71608,7894,36.12501506447596,28.0,44.1,35.53529104567549,26.917607359498653,31.574338167356288,99.1,100.0,98.2,93.4,100.0,100.0,88.9,85.3,77.8,0.0,6.599999999999994,0.91675,46.0,34.0,14.0,16.25,16.5,82.7,7.4,72.9,1,0,0.4248907321315318,NS,-0.0734249673579036,0,0.7746,0.9432,facility_delivery_pct
Agona East,Central,District,5.63553575,-0.654757357749996,98637,34028,59053,5556,34.498210610622785,25.9,43.6,53.91587335381246,22.748056003325324,33.13259730121557,99.1,100.0,98.2,93.4,100.0,100.0,88.9,85.3,77.8,0.0,6.599999999999994,0.91675,46.0,34.0,14.0,16.25,16.5,82.7,7.4,72.9,1,0,0.4270869328887244,NS,0.0026126212549377,0,0.7206,0.9183,facility_delivery_pct
Agona West Municipal,Central,Municipal,4.8901537,-1.9664135,136569,45926,83274,7369,33.62842226273898,21.0,43.7,36.45410012521143,19.48978172205992,34.44412714452035,99.1,100.0,98.2,93.4,100.0,100.0,88.9,85.3,77.8,0.0,6.599999999999994,0.91675,46.0,34.0,14.0,16.25,16.5,82.7,7.4,72.9,1,0,0.3206034546507229,NS,-0.0105492014179199,0,0.8028,0.9072,facility_delivery_pct
Ajumako Enyan Essiam,Central,District,5.41243515,-0.984801059019988,120586,43531,68505,8550,36.09954721111904,29.6,43.5,40.739389315509264,24.179423813709715,31.899225449057106,99.1,100.0,98.2,93.4,100.0,100.0,88.9,85.3,77.8,0.0,6.599999999999994,0.91675,46.0,34.0,14.0,16.25,16.5,82.7,7.4,72.9,1,0,0.4207793683277188,NS,0.235483946182741,0,0.7638,0.9432,facility_delivery_pct
Asikuma Odoben Brakwa,Central,District,5.62649825,-1.02551876426311,126993,46991,72822,7180,37.00282692746844,29.0,42.3,36.64138968289591,25.36281527328278,34.24991928688983,99.1,100.0,98.2,93.4,100.0,100.0,88.9,85.3,77.8,0.0,6.599999999999994,0.91675,46.0,34.0,14.0,16.25,16.5,82.7,7.4,72.9,1,0,0.3649468255477727,NS,-0.0852041065295898,0,0.7296,0.8913,facility_delivery_pct
Assin Central Municipal,Central,Municipal,5.73294244999999,-1.31730368183195,88753,31626,53826,3301,35.63372505718117,18.1,42.8,34.52503013982626,14.640631865965096,35.07937759850371,99.1,100.0,98.2,93.4,100.0,100.0,88.9,85.3,77.8,0.0,6.599999999999994,0.91675,46.0,34.0,14.0,16.25,16.5,82.7,7.4,72.9,1,0,0.2772719514003595,NS,-0.1162592627421051,0,0.6782,0.8967,facility_delivery_pct
Assin North,Central,District,5.82545685,-1.37392719579152,80539,29457,47100,3982,36.57482710239759,31.9,42.0,47.19576850966613,27.50841207365376,36.782180061833394,99.1,100.0,98.2,93.4,100.0,100.0,88.9,85.3,77.8,0.0,6.599999999999994,0.91675,46.0,34.0,14.0,16.25,16.5,82.7,7.4,72.9,1,0,0.3873608265702181,NS,0.0097243579827226,0,0.7156,0.8869,facility_delivery_pct
Assin South,Central,District,5.52889644999999,-1.2709401638536,105995,40247,60204,5544,37.97065899334874,27.4,41.7,36.29605170055192,25.66630501438747,33.76857398933912,99.1,100.0,98.2,93.4,100.0,100.0,88.9,85.3,77.8,0.0,6.599999999999994,0.91675,46.0,34.0,14.0,16.25,16.5,82.7,7.4,72.9,1,0,0.3556816653713601,NS,-0.0042206107976126,0,0.7188,0.9057,facility_delivery_pct
Awutu Senya West,Central,District,5.61965885,-0.520145612112832,161460,61109,94170,6181,37.84776415211198,22.5,44.5,57.32751145794624,25.300383996036167,34.049919484702095,99.1,100.0,98.2,93.4,100.0,100.0,88.9,85.3,77.8,0.0,6.599999999999994,0.91675,46.0,34.0,14.0,16.25,16.5,82.7,7.4,72.9,1,0,0.4859202659052448,NS,-0.2759944469969416,0,0.7136,0.91,facility_delivery_pct
Awutu Senya East Municipal,Central,Municipal,5.40379055,-0.518157686947431,236527,79719,150353,6455,33.703974599094394,10.6,42.9,41.96645626080743,10.35146093257852,35.80563741137375,99.1,100.0,98.2,93.4,100.0,100.0,88.9,85.3,77.8,0.0,6.599999999999994,0.91675,46.0,34.0,14.0,16.25,16.5,82.7,7.4,72.9,1,0,0.2410299831691714,NS,-0.3681273058953004,0,0.6712,0.9153,facility_delivery_pct
Cape Cape Metropolitan Area (CCMA)-Cape Coast South & Cape Coast North,Central,Metropolitan,5.1115501,-1.2484127,187365,54760,126333,6272,29.22637632428681,12.9,44.3,27.516345101806632,10.946014463747233,36.06329890854749,99.1,100.0,98.2,93.4,100.0,100.0,88.9,85.3,77.8,0.0,6.599999999999994,0.91675,46.0,34.0,14.0,16.25,16.5,82.7,7.4,72.9,1,0,0.1925240756705535,NS,-0.0776638460380769,0,0.6909,0.9332,facility_delivery_pct
Effutu Municipal,Central,Municipal,5.38339225,-0.597395635326539,108816,28454,75924,4438,26.14872812821644,21.7,44.2,29.94136891633584,18.5891780620497,25.29039847081312,99.1,100.0,98.2,93.4,100.0,100.0,88.9,85.3,77.8,0.0,6.599999999999994,0.91675,46.0,34.0,14.0,16.25,16.5,82.7,7.4,72.9,1,0,0.3098698760131091,NS,-0.3393559991064436,0,0.7516,0.9363,facility_delivery_pct
Ekumfi,Central,District,5.28914455,-0.908864632637807,56741,21336,31017,4388,37.60243915334591,31.5,45.6,59.33980719409245,32.58842812075924,30.07877901341181,99.1,100.0,98.2,93.4,100.0,100.0,88.9,85.3,77.8,0.0,6.599999999999994,0.91675,46.0,34.0,14.0,16.25,16.5,82.7,7.4,72.9,1,0,0.6085313711189646,NS,0.4531542387242664,0,0.7682,0.9438,facility_delivery_pct
Gomoa Central,Central,District,5.47699369999999,-0.589745989100534,82592,30202,47990,4400,36.56770631538164,18.8,44.1,45.725978302983336,21.229659046881054,34.27692754746222,99.1,100.0,98.2,93.4,100.0,100.0,88.9,85.3,77.8,0.0,6.599999999999994,0.91675,46.0,34.0,14.0,16.25,16.5,82.7,7.4,72.9,1,0,0.3926618678035954,NS,-0.0328261089697632,0,0.7241,0.9185,facility_delivery_pct
Gomoa East,Central,District,5.47699369999999,-0.589745989100534,308697,111167,190148,7382,36.011687836292545,14.4,43.7,44.49962260728157,13.997544517763377,33.017165699699056,99.1,100.0,98.2,93.4,100.0,100.0,88.9,85.3,77.8,0.0,6.599999999999994,0.91675,46.0,34.0,14.0,16.25,16.5,82.7,7.4,72.9,1,0,0.3423959567595037,NS,-0.1869386728983308,0,0.6624,0.9195,facility_delivery_pct
Gomoa West,Central,District,5.38725545,-0.833638570821268,129512,47701,72710,9101,36.83133609240842,28.3,44.4,50.46791030946939,30.44119463833467,32.18697881277411,99.1,100.0,98.2,93.4,100.0,100.0,88.9,85.3,77.8,0.0,6.599999999999994,0.91675,46.0,34.0,14.0,16.25,16.5,82.7,7.4,72.9,1,0,0.501020696550204,NS,0.1325913085013728,0,0.7666,0.9435,facility_delivery_pct
Komenda Edina Eguafo Abirem Municipal,Central,Municipal,5.1302015,-1.43995928979516,166017,59835,96741,9441,36.04148972695568,25.1,44.2,45.29777071022847,26.05636772137793,32.01599836161357,99.1,100.0,98.2,93.4,100.0,100.0,88.9,85.3,77.8,0.0,6.599999999999994,0.91675,46.0,34.0,14.0,16.25,16.5,82.7,7.4,72.9,1,0,0.4449218827604286,NS,-0.0597340267163574,0,0.7768,0.9209,facility_delivery_pct
Mfantsiman Municipal,Central,Municipal,5.27644145,-1.03472089878279,168905,59941,99810,9154,35.48799621088778,24.0,44.8,39.69272668067848,23.384150854030374,31.469169059530504,99.1,100.0,98.2,93.4,100.0,100.0,88.9,85.3,77.8,0.0,6.599999999999994,0.91675,46.0,34.0,14.0,16.25,16.5,82.7,7.4,72.9,1,0,0.4278129046631035,NS,0.3633967649826393,0,0.77,0.9227,facility_delivery_pct
Twifo Ati Morkwa,Central,District,5.61529845,-1.57822136908747,100851,38334,58482,4035,38.01053038641164,34.1,42.7,44.01443713993912,27.21638853357924,31.43647559270607,99.1,100.0,98.2,93.4,100.0,100.0,88.9,85.3,77.8,0.0,6.599999999999994,0.91675,46.0,34.0,14.0,16.25,16.5,82.7,7.4,72.9,1,0,0.4587169274845779,NS,0.0796294573767764,0,0.7257,0.9271,facility_delivery_pct
Twifo Heman Lower Denkyira,Central,District,5.49471475,-1.53636464977824,66075,24351,38703,3021,36.85357548240636,32.1,42.4,55.3931138857359,25.881195611048053,34.27771471812334,99.1,100.0,98.2,93.4,100.0,100.0,88.9,85.3,77.8,0.0,6.599999999999994,0.91675,46.0,34.0,14.0,16.25,16.5,82.7,7.4,72.9,1,0,0.4455814993251064,NS,0.0121906661711053,0,0.7367,0.8972,facility_delivery_pct
Upper Denkyira East Municipal,Central,Municipal,5.83523424999999,-1.73920835777296,110141,39547,66630,3964,35.9057934828992,24.3,43.8,27.902415994044,21.20826940013256,31.53140065915509,99.1,100.0,98.2,93.4,100.0,100.0,88.9,85.3,77.8,0.0,6.599999999999994,0.91675,46.0,34.0,14.0,16.25,16.5,82.7,7.4,72.9,1,0,0.3557291108823932,NS,0.1741252152459482,0,0.7257,0.9238,facility_delivery_pct
Upper Denkyira West,Central,District,6.10783305,-2.06931071266353,91025,31879,56634,2512,35.02224663553969,24.5,43.6,48.34276297720406,28.16478989288657,36.61851139796759,99.1,100.0,98.2,93.4,100.0,100.0,88.9,85.3,77.8,0.0,6.599999999999994,0.91675,46.0,34.0,14.0,16.25,16.5,82.7,7.4,72.9,1,0,0.3974670839612195,NS,-0.015833231930035,0,0.7377,0.8958,facility_delivery_pct
Abuakwa North Municipal,Eastern,Municipal,6.2336986,-0.382588987736012,76195,24276,46967,4952,31.86035829122645,15.7,42.9,20.35172911608373,14.474703064505546,32.92342017192729,90.5,96.4,96.4,85.4,93.1,89.9,84.3,81.5,70.3,2.1,11.0,0.85425,42.0,26.0,15.0,9.7,6.7,89.35,7.8,66.7,1,1,0.2004842725792592,LL,-0.9503361344233288,-1,0.7953,0.969,dhs_no_insurance_women_pct
Abuakwa South Municipal,Eastern,Municipal,6.1727705,-0.470361048613095,89051,28375,54803,5873,31.863763461387297,21.1,43.4,21.97504800619869,19.44391416154788,33.186600936541986,90.5,96.4,96.4,85.4,93.1,89.9,84.3,81.5,70.3,2.1,11.0,0.85425,42.0,26.0,15.0,9.7,6.7,89.35,7.8,66.7,1,1,0.2535883172188278,LL,-0.7930798287271106,-1,0.8636,0.973,dhs_no_insurance_women_pct
Achiase,Eastern,District,5.8354534,-0.9966928,56348,20233,32529,3586,35.90721942216228,29.9,44.6,31.7562291474409,25.70455029459785,30.847589976574145,90.5,96.4,96.4,85.4,93.1,89.9,84.3,81.5,70.3,2.1,11.0,0.85425,42.0,26.0,15.0,9.7,6.7,89.35,7.8,66.7,1,1,0.4317263310673484,NS,-0.1515249573352498,0,0.8985,0.9784,dhs_no_insurance_women_pct
Akwapim North Municipal,Eastern,Municipal,5.9014961,-0.14597334325382,105315,31681,66393,7241,30.082134548734743,20.1,43.2,21.467027488961687,14.5268955039643,29.105065755115607,90.5,96.4,96.4,85.4,93.1,89.9,84.3,81.5,70.3,2.1,11.0,0.85425,42.0,26.0,15.0,9.7,6.7,89.35,7.8,66.7,1,1,0.2414390665746504,LL,-0.7728074410537001,-1,0.8161,0.9732,dhs_no_insurance_women_pct
Akwapim South Municipal,Eastern,Municipal,8.25846,0.508747,76922,23517,49490,3915,30.572528015392216,19.4,43.5,30.65832921660904,15.167312342372794,33.39616754634565,90.5,96.4,96.4,85.4,93.1,89.9,84.3,81.5,70.3,2.1,11.0,0.85425,42.0,26.0,15.0,9.7,6.7,89.35,7.8,66.7,1,1,0.2529100115871275,NS,-0.5305345646975796,0,0.9108,0.9908,dhs_no_insurance_women_pct
Akyemansa,Eastern,District,6.0815994,-1.11546439579942,91038,33134,52568,5336,36.39579076868999,23.6,42.4,26.480151145675435,27.67635492871109,35.87512906698302,90.5,96.4,96.4,85.4,93.1,89.9,84.3,81.5,70.3,2.1,11.0,0.85425,42.0,26.0,15.0,9.7,6.7,89.35,7.8,66.7,1,1,0.3009497377054853,LL,-0.7243434230160677,-1,0.8293,0.9387,dhs_no_insurance_women_pct
Asene Manso Akroso,Eastern,District,5.85516295,-0.8089562448565,77498,27771,45027,4700,35.83447314769413,25.7,42.5,30.1904565279104,24.11288033239568,33.80861441585589,90.5,96.4,96.4,85.4,93.1,89.9,84.3,81.5,70.3,2.1,11.0,0.85425,42.0,26.0,15.0,9.7,6.7,89.35,7.8,66.7,1,1,0.3236580237625953,NS,-0.39434569532141,0,0.8713,0.9473,dhs_no_insurance_women_pct
Asuogyaman,Eastern,District,6.36279085,0.0952598707485648,101256,33178,62074,6004,32.76645334597456,21.8,43.1,21.40218851228569,18.66556055937426,32.48400094809196,90.5,96.4,96.4,85.4,93.1,89.9,84.3,81.5,70.3,2.1,11.0,0.85425,42.0,26.0,15.0,9.7,6.7,89.35,7.8,66.7,1,1,0.257625389229694,NS,-0.2974926321259291,0,0.8626,0.9734,dhs_no_insurance_women_pct
Atiwa East,Eastern,District,6.3954833,-0.597296233359515,64647,23155,37784,3708,35.817594010549605,18.4,42.4,17.864711432858446,20.065896329296024,34.75025909941683,90.5,96.4,96.4,85.4,93.1,89.9,84.3,81.5,70.3,2.1,11.0,0.85425,42.0,26.0,15.0,9.7,6.7,89.35,7.8,66.7,1,1,0.2300636085262407,LL,-0.6700922614922504,-1,0.8305,0.9403,dhs_no_insurance_women_pct
Atiwa West,Eastern,District,6.20778059999999,-0.635808682575408,61219,21768,35639,3812,35.557588330420295,18.9,42.5,29.78813766967772,20.46096800013068,36.885607409464384,90.5,96.4,96.4,85.4,93.1,89.9,84.3,81.5,70.3,2.1,11.0,0.85425,42.0,26.0,15.0,9.7,6.7,89.35,7.8,66.7,1,1,0.2589161893431705,LL,-0.6201724545428888,-1,0.8109,0.9344,dhs_no_insurance_women_pct
Ayensuano,Eastern,District,5.94469995,-0.449937193103216,94594,34320,54066,6208,36.28137091147431,29.1,42.9,46.5092923441233,27.37911495443685,36.51182950292831,90.5,96.4,96.4,85.4,93.1,89.9,84.3,81.5,70.3,2.1,11.0,0.85425,42.0,26.0,15.0,9.7,6.7,89.35,7.8,66.7,1,1,0.398651124825164,HL,-0.4991259417872328,-1,0.8414,0.9715,dhs_no_insurance_women_pct
Birim Central Municipal,Eastern,Municipal,5.97391735,-1.00480959493596,76302,24294,48697,3311,31.839270268145004,11.9,41.9,12.184477471101674,13.03635553458625,33.12626143482478,90.5,96.4,96.4,85.4,93.1,89.9,84.3,81.5,70.3,2.1,11.0,0.85425,42.0,26.0,15.0,9.7,6.7,89.35,7.8,66.7,1,1,0.1236235242011572,NS,-0.6451448455811418,0,0.7679,0.937,dhs_no_insurance_women_pct
Birim North,Eastern,District,6.3681437,-1.02271793293055,82669,29443,49014,4212,35.615526981093275,18.3,42.6,17.158789872866492,21.30060845056793,34.949013535908264,90.5,96.4,96.4,85.4,93.1,89.9,84.3,81.5,70.3,2.1,11.0,0.85425,42.0,26.0,15.0,9.7,6.7,89.35,7.8,66.7,1,1,0.2332022918478949,NS,-0.7268928545997981,0,0.8433,0.9583,dhs_no_insurance_women_pct
Birim South,Eastern,District,5.9375343,-1.0087951,35654,12132,21228,2294,34.027037639535536,24.9,43.6,29.40483536209121,20.435294777584563,32.562966287092614,90.5,96.4,96.4,85.4,93.1,89.9,84.3,81.5,70.3,2.1,11.0,0.85425,42.0,26.0,15.0,9.7,6.7,89.35,7.8,66.7,1,1,0.3285689764419581,NS,-0.4326580809508674,0,0.8708,0.9735,dhs_no_insurance_women_pct
Denkyembuor,Eastern,District,6.05,-0.8,77029,25305,47788,3936,32.85126380973399,18.1,42.3,12.956159368549509,19.865245556868192,31.280426852224487,90.5,96.4,96.4,85.4,93.1,89.9,84.3,81.5,70.3,2.1,11.0,0.85425,42.0,26.0,15.0,9.7,6.7,89.35,7.8,66.7,1,1,0.2064441183946329,LL,-0.6673454056994771,-1,0.8428,0.9382,dhs_no_insurance_women_pct
Fanteakwa North,Eastern,District,6.49761694999999,-0.362546050326661,56987,20059,33609,3319,35.199255970659976,28.9,41.9,30.994788285047463,28.56440942671136,37.42783441837612,90.5,96.4,96.4,85.4,93.1,89.9,84.3,81.5,70.3,2.1,11.0,0.85425,42.0,26.0,15.0,9.7,6.7,89.35,7.8,66.7,1,1,0.3010137687098879,NS,-0.4090341034382242,0,0.8259,0.953,dhs_no_insurance_women_pct
Fanteakwa South,Eastern,District,6.37117379999999,-0.311872167608319,54634,18157,33323,3154,33.233883662188376,21.7,41.7,24.61470878939854,17.873485375407256,36.788446754768096,90.5,96.4,96.4,85.4,93.1,89.9,84.3,81.5,70.3,2.1,11.0,0.85425,42.0,26.0,15.0,9.7,6.7,89.35,7.8,66.7,1,1,0.1978913768694338,LL,-0.6865235764176977,-1,0.7935,0.9329,dhs_no_insurance_women_pct
Kwaebibirem Municipal,Eastern,Municipal,6.23359759999999,-0.87590978580917,121698,42260,72401,7037,34.72530362043747,19.6,42.9,20.01594110010025,20.38242206116781,34.72859044520041,90.5,96.4,96.4,85.4,93.1,89.9,84.3,81.5,70.3,2.1,11.0,0.85425,42.0,26.0,15.0,9.7,6.7,89.35,7.8,66.7,1,1,0.2463433349297993,LL,-0.6954285282478184,-1,0.827,0.963,dhs_no_insurance_women_pct
Kwahu Afram Plains North,Eastern,District,6.8753584,0.0047456123339843,66555,25385,38670,2500,38.1413868229284,48.5,41.9,48.10457516339869,42.225227255653216,37.573435504469984,90.5,96.4,96.4,85.4,93.1,89.9,84.3,81.5,70.3,2.1,11.0,0.85425,42.0,26.0,15.0,9.7,6.7,89.35,7.8,66.7,1,1,0.5043449598909538,NS,-0.0682966904214769,0,0.7922,0.9657,dhs_no_insurance_women_pct
Kwahu Afram Plains South,Eastern,District,6.8854777,-0.460380290065423,74002,28848,42647,2507,38.98273019648117,39.1,41.6,44.6947379800546,40.55025539850274,37.89221912921272,90.5,96.4,96.4,85.4,93.1,89.9,84.3,81.5,70.3,2.1,11.0,0.85425,42.0,26.0,15.0,9.7,6.7,89.35,7.8,66.7,1,1,0.4505412051794812,NS,-0.111497324638186,0,0.7914,0.9657,dhs_no_insurance_women_pct
Kwahu East,Eastern,District,6.73342465,-0.81009459846416,80233,26957,47374,5902,33.598394675507585,29.4,42.0,31.29634938242369,23.8792018246856,34.0782471053058,90.5,96.4,96.4,85.4,93.1,89.9,84.3,81.5,70.3,2.1,11.0,0.85425,42.0,26.0,15.0,9.7,6.7,89.35,7.8,66.7,1,1,0.3021545094186224,NS,-0.3273549660372827,0,0.8677,0.9549,dhs_no_insurance_women_pct
Kwahu South Municipal,Eastern,Municipal,8.25846,0.508747,79851,27952,46352,5547,35.00519717974728,28.8,43.4,28.579479280159298,23.70289664500132,32.16866413695508,90.5,96.4,96.4,85.4,93.1,89.9,84.3,81.5,70.3,2.1,11.0,0.85425,42.0,26.0,15.0,9.7,6.7,89.35,7.8,66.7,1,1,0.3574262069286004,NS,-0.4193101023555611,0,0.954,0.9926,dhs_no_insurance_women_pct
Kwahu West Municipal,Eastern,Municipal,6.49118254999999,-0.728456087972531,145429,52176,85302,7951,35.87730095097952,15.1,41.9,16.517338357549043,16.509086908388284,35.076910382385904,90.5,96.4,96.4,85.4,93.1,89.9,84.3,81.5,70.3,2.1,11.0,0.85425,42.0,26.0,15.0,9.7,6.7,89.35,7.8,66.7,1,1,0.1860147276290935,NS,-0.6209828591445891,0,0.7849,0.9444,dhs_no_insurance_women_pct
Lower Manya Krobo Municipal,Eastern,Municipal,6.2127831,-0.0404975690174626,121849,36940,77965,6944,30.31621104810052,19.8,43.4,20.4884734384361,19.843412748565846,29.853343072163085,90.5,96.4,96.4,85.4,93.1,89.9,84.3,81.5,70.3,2.1,11.0,0.85425,42.0,26.0,15.0,9.7,6.7,89.35,7.8,66.7,1,1,0.2561431438315071,NS,-0.611880721195561,0,0.8565,0.9715,dhs_no_insurance_women_pct
New Juaben North Municipal,Eastern,Municipal,6.1364245,-0.312846157003848,88716,25215,59043,4458,28.42215609360206,10.6,41.7,11.264033545245503,9.87307813697642,32.65701789981514,90.5,96.4,96.4,85.4,93.1,89.9,84.3,81.5,70.3,2.1,11.0,0.85425,42.0,26.0,15.0,9.7,6.7,89.35,7.8,66.7,1,1,0.0700221050853423,LL,-1.1015772979395202,-1,0.7693,0.9382,dhs_no_insurance_women_pct
New Juaben South Municipal,Eastern,Municipal,6.0721368,-0.260652306105858,129741,35529,86909,7303,27.38455846648322,8.5,41.1,12.523412028580015,9.1104585289153,37.42301970849616,90.5,96.4,96.4,85.4,93.1,89.9,84.3,81.5,70.3,2.1,11.0,0.85425,42.0,26.0,15.0,9.7,6.7,89.35,7.8,66.7,1,1,0.0,LL,-1.0430742066662633,-1,0.7334,0.9239,dhs_no_insurance_women_pct
Nsawam Adoagyiri Municipal,Eastern,Municipal,5.81791215,-0.36426765,155597,51578,97355,6664,33.14845401903636,13.0,43.4,29.26148961740908,15.543358805118352,35.66714011195589,90.5,96.4,96.4,85.4,93.1,89.9,84.3,81.5,70.3,2.1,11.0,0.85425,42.0,26.0,15.0,9.7,6.7,89.35,7.8,66.7,1,1,0.2308047731414449,NS,-0.2833098097208381,0,0.7434,0.9661,dhs_no_insurance_women_pct
Okere,Eastern,District,6.04034605,-0.127770489495342,51675,17068,30691,3916,33.02951136913401,24.0,42.4,35.074987905176584,21.53265602322206,34.97048863086599,90.5,96.4,96.4,85.4,93.1,89.9,84.3,81.5,70.3,2.1,11.0,0.85425,42.0,26.0,15.0,9.7,6.7,89.35,7.8,66.7,1,1,0.2870647333169164,LL,-0.9521603263793312,-1,0.8338,0.9289,dhs_no_insurance_women_pct
Suhum Municipal,Eastern,Municipal,6.035885,-0.4552751,126403,42610,76601,7192,33.70964296733464,17.6,42.0,28.54758194030205,18.91489917169688,38.83452133256331,90.5,96.4,96.4,85.4,93.1,89.9,84.3,81.5,70.3,2.1,11.0,0.85425,42.0,26.0,15.0,9.7,6.7,89.35,7.8,66.7,1,1,0.1974081599681117,LL,-0.9428702641280442,-1,0.787,0.9228,dhs_no_insurance_women_pct
Upper Manya Krobo,Eastern,District,6.40201115,-0.134429386146108,70612,25423,41112,4077,36.00379538888574,32.7,40.5,38.15073925111879,35.31269472610888,40.953379029060216,90.5,96.4,96.4,85.4,93.1,89.9,84.3,81.5,70.3,2.1,11.0,0.85425,42.0,26.0,15.0,9.7,6.7,89.35,7.8,66.7,1,1,0.3033516143627262,NS,-0.3766801662685888,0,0.8221,0.9455,dhs_no_insurance_women_pct
Upper West Akim,Eastern,District,5.80678025,-0.540057196199224,95855,35169,55070,5616,36.68979187314172,29.7,43.7,49.22330603515727,28.33237702780241,35.07067967242189,90.5,96.4,96.4,85.4,93.1,89.9,84.3,81.5,70.3,2.1,11.0,0.85425,42.0,26.0,15.0,9.7,6.7,89.35,7.8,66.7,1,1,0.4511287003757575,NS,-0.2446109916541176,0,0.8687,0.9751,dhs_no_insurance_women_pct
West Akim Municipal,Eastern,Municipal,5.9070609,-0.68318054757923,117681,40650,70363,6668,34.542534478802864,23.7,43.0,28.110740051495146,23.19405851411868,34.26466464425013,90.5,96.4,96.4,85.4,93.1,89.9,84.3,81.5,70.3,2.1,11.0,0.85425,42.0,26.0,15.0,9.7,6.7,89.35,7.8,66.7,1,1,0.3036548092391877,NS,-0.3287320479321978,0,0.8621,0.9644,dhs_no_insurance_women_pct
Yilo Krobo Municipal,Eastern,Municipal,6.1564095,-0.167401779755807,122398,40930,74501,6967,33.44008889034134,21.5,42.1,29.417964345822647,21.138417294400234,36.831484174578016,90.5,96.4,96.4,85.4,93.1,89.9,84.3,81.5,70.3,2.1,11.0,0.85425,42.0,26.0,15.0,9.7,6.7,89.35,7.8,66.7,1,1,0.2376891257102589,LL,-0.9402167168209558,-1,0.8203,0.9228,dhs_no_insurance_women_pct
Ablekuma Central Municipal,Greater Accra,Municipal,5.5541808,-0.24078224491606,169145,47590,114214,7341,28.13562328179964,9.4,45.2,36.52723994206155,11.918767921014512,42.558751367170174,98.8,97.7,97.2,94.0,97.7,95.0,88.8,94.7,85.6,1.2,3.700000000000003,0.94075,20.0,16.0,10.0,8.85,13.4,91.8,4.4,79.2,0,0,0.1780710620067253,LL,-1.2909693364088082,-1,0.6653,0.422,facility_delivery_pct
Ablekuma North Municipal,Greater Accra,Municipal,5.58719365,-0.263259064824942,159208,44681,108422,6105,28.064544495251493,8.3,42.9,36.66147429777399,7.149138234259585,43.48085523340536,98.8,97.7,97.2,94.0,97.7,95.0,88.8,94.7,85.6,1.2,3.700000000000003,0.94075,20.0,16.0,10.0,8.85,13.4,91.8,4.4,79.2,0,0,0.0873894444162858,LL,-1.1722038299197464,-1,0.6489,0.3922,facility_delivery_pct
Ablekuma West Municipal,Greater Accra,Municipal,5.5431939,-0.26615017413473,153490,45854,101503,6133,29.8742589093752,8.9,43.0,39.41429409082025,8.151019610398071,40.12769561534954,98.8,97.7,97.2,94.0,97.7,95.0,88.8,94.7,85.6,1.2,3.700000000000003,0.94075,20.0,16.0,10.0,8.85,13.4,91.8,4.4,79.2,0,0,0.1496681512043381,LL,-1.1812990813281732,-1,0.6535,0.4028,facility_delivery_pct
"Accra Metropolitan Area (AMA)-Ablekuma South, Ashiedu Keteke & Okaikoi South",Greater Accra,Metropolitan,5.55381875,-0.205849787615075,276997,71203,200821,4973,25.705332548727966,11.1,43.9,38.04156723719029,16.656859099557035,43.71996808629696,98.8,97.7,97.2,94.0,97.7,95.0,88.8,94.7,85.6,1.2,3.700000000000003,0.94075,20.0,16.0,10.0,8.85,13.4,91.8,4.4,79.2,0,0,0.1359878346725082,LL,-1.2909693364088082,-1,0.6633,0.4317,facility_delivery_pct
Ada East,Greater Accra,District,5.8761016,0.549568161630084,76411,27871,44390,4150,36.47511483948646,28.2,44.2,42.9074347934198,29.29421156639751,30.964128201436964,98.8,97.7,97.2,94.0,97.7,95.0,88.8,94.7,85.6,1.2,3.700000000000003,0.94075,20.0,16.0,10.0,8.85,13.4,91.8,4.4,79.2,0,0,0.4706449043796703,NS,0.646689476310455,0,0.6664,0.4629,facility_delivery_pct
Ada West,Greater Accra,District,5.9040093,0.420370257026968,76087,31005,41776,3306,40.74940528605413,40.1,44.7,59.261108993652,33.12786678407612,29.685754465283164,98.8,97.7,97.2,94.0,97.7,95.0,88.8,94.7,85.6,1.2,3.700000000000003,0.94075,20.0,16.0,10.0,8.85,13.4,91.8,4.4,79.2,0,0,0.6498494268158103,NS,0.3985823486358632,0,0.681,0.4629,facility_delivery_pct
Adentan Municipal,Greater Accra,Municipal,5.7042433,-0.1690967,265971,75516,181597,8858,28.39256911467792,8.3,41.8,37.4608509950333,7.127092803350742,40.76497061709736,98.8,97.7,97.2,94.0,97.7,95.0,88.8,94.7,85.6,1.2,3.700000000000003,0.94075,20.0,16.0,10.0,8.85,13.4,91.8,4.4,79.2,0,0,0.0844271801607208,LL,-1.2741869802338528,-1,0.647,0.2253,facility_delivery_pct
Ashaiman Municipal,Greater Accra,Municipal,5.6993574,-0.0348533202566188,208060,62611,138935,6514,30.092761703354803,7.5,43.3,35.07209458809959,11.317889070460444,43.440834374699605,98.8,97.7,97.2,94.0,97.7,95.0,88.8,94.7,85.6,1.2,3.700000000000003,0.94075,20.0,16.0,10.0,8.85,13.4,91.8,4.4,79.2,0,0,0.1237623442921884,NS,-1.0400965650225602,0,0.65,0.4028,facility_delivery_pct
Ayawaso Central Municipal,Greater Accra,Municipal,5.59137939999999,-0.212668442666915,94831,24848,65692,4291,26.202402168067408,12.2,42.8,43.81267728907214,9.117271778215985,41.292404382533135,98.8,97.7,97.2,94.0,97.7,95.0,88.8,94.7,85.6,1.2,3.700000000000003,0.94075,20.0,16.0,10.0,8.85,13.4,91.8,4.4,79.2,0,0,0.1295067285886813,LL,-1.1817750681464123,-1,0.6514,0.3612,facility_delivery_pct
Ayawaso East Municipal,Greater Accra,Municipal,5.5828425,-0.194266228463183,53004,14666,35456,2882,27.669609840766736,15.4,44.0,38.87442457173044,19.02686589691344,34.921892687344354,98.8,97.7,97.2,94.0,97.7,95.0,88.8,94.7,85.6,1.2,3.700000000000003,0.94075,20.0,16.0,10.0,8.85,13.4,91.8,4.4,79.2,0,0,0.2537363710550651,LL,-1.283341907661248,-1,0.6498,0.4382,facility_delivery_pct
Ayawaso North Municipal,Greater Accra,Municipal,5.5908829,-0.199044848506062,63386,17311,43057,3018,27.310447101883696,13.9,43.8,33.99173319029439,14.264979648502823,36.20200044173792,98.8,97.7,97.2,94.0,97.7,95.0,88.8,94.7,85.6,1.2,3.700000000000003,0.94075,20.0,16.0,10.0,8.85,13.4,91.8,4.4,79.2,0,0,0.1962536358631162,LL,-1.250904082331204,-1,0.6555,0.4285,facility_delivery_pct
Ayawaso West Municipal,Greater Accra,Municipal,5.62669775,-0.179111178909241,75303,14294,58084,2925,18.981979469609445,9.3,41.6,35.09820325883431,5.412798958872821,36.77144336879009,98.8,97.7,97.2,94.0,97.7,95.0,88.8,94.7,85.6,1.2,3.700000000000003,0.94075,20.0,16.0,10.0,8.85,13.4,91.8,4.4,79.2,0,0,0.0077303736809233,LL,-1.2699713756258617,-1,0.6435,0.2299,facility_delivery_pct
Ga Central Municipal,Greater Accra,Municipal,5.3203951,-2.0334832,332232,100844,220323,11065,30.35348792410123,8.3,42.6,43.67610585374076,6.997519805437165,40.85939945580197,98.8,97.7,97.2,94.0,97.7,95.0,88.8,94.7,85.6,1.2,3.700000000000003,0.94075,20.0,16.0,10.0,8.85,13.4,91.8,4.4,79.2,0,0,0.1467722447735134,LL,-0.9012489460382372,-1,0.6462,0.1769,facility_delivery_pct
Ga East Municipal,Greater Accra,Municipal,5.669162,-0.333376,283379,80141,193662,9576,28.280500672244592,10.1,41.8,37.32492527674951,6.671277688184375,39.05864584178785,98.8,97.7,97.2,94.0,97.7,95.0,88.8,94.7,85.6,1.2,3.700000000000003,0.94075,20.0,16.0,10.0,8.85,13.4,91.8,4.4,79.2,0,0,0.1012981763891381,LL,-1.3882190071411178,-1,0.6506,0.2253,facility_delivery_pct
Ga North Municipal,Greater Accra,Municipal,5.669162,-0.333376,235292,71630,156554,7108,30.443023987215884,10.5,42.3,36.699930299372696,8.040222362001257,36.98468286214576,98.8,97.7,97.2,94.0,97.7,95.0,88.8,94.7,85.6,1.2,3.700000000000003,0.94075,20.0,16.0,10.0,8.85,13.4,91.8,4.4,79.2,0,0,0.1564422142048464,LL,-1.1283257998253295,-1,0.6518,0.2253,facility_delivery_pct
Ga South Municipal,Greater Accra,Municipal,5.669162,-0.333376,350121,121756,218780,9585,34.775406216707935,15.8,44.1,51.14032006077899,14.278206677120195,35.73136144361521,98.8,97.7,97.2,94.0,97.7,95.0,88.8,94.7,85.6,1.2,3.700000000000003,0.94075,20.0,16.0,10.0,8.85,13.4,91.8,4.4,79.2,0,0,0.3494281095287158,NS,-0.5575953296092844,0,0.664,0.422,facility_delivery_pct
Ga West Municipal,Greater Accra,Municipal,5.669162,-0.333376,314299,110607,196256,7436,35.191648716667885,10.5,43.3,39.29824784679557,11.329657428117812,35.248600854600234,98.8,97.7,97.2,94.0,97.7,95.0,88.8,94.7,85.6,1.2,3.700000000000003,0.94075,20.0,16.0,10.0,8.85,13.4,91.8,4.4,79.2,0,0,0.2644407825467747,LL,-0.9916363665341944,-1,0.6551,0.4028,facility_delivery_pct
Korle Klottey Municipal,Greater Accra,Municipal,5.55901944999999,-0.19823054970895,68633,15063,49685,3885,21.94716827182259,10.6,43.4,34.318767939620884,9.198199117042822,43.52716623198753,98.8,97.7,97.2,94.0,97.7,95.0,88.8,94.7,85.6,1.2,3.700000000000003,0.94075,20.0,16.0,10.0,8.85,13.4,91.8,4.4,79.2,0,0,0.0474133811869428,LL,-1.2320444810947375,-1,0.6511,0.4285,facility_delivery_pct
Kpone Katamanso Municipal,Greater Accra,Municipal,5.77159775,-0.0733651054089466,412828,139922,264348,8558,33.893534353289986,10.5,43.1,37.8562016142316,9.259546348600384,36.79474260466829,98.8,97.7,97.2,94.0,97.7,95.0,88.8,94.7,85.6,1.2,3.700000000000003,0.94075,20.0,16.0,10.0,8.85,13.4,91.8,4.4,79.2,0,0,0.2220414985187072,LL,-0.8549538035212576,-1,0.6487,0.4028,facility_delivery_pct
Krowor Municipal,Greater Accra,Municipal,5.60941925,-0.0769277820845922,143012,38208,99681,5123,26.71663916314715,12.4,42.4,43.14393197773613,7.136464072944928,38.26601963471597,98.8,97.7,97.2,94.0,97.7,95.0,88.8,94.7,85.6,1.2,3.700000000000003,0.94075,20.0,16.0,10.0,8.85,13.4,91.8,4.4,79.2,0,0,0.139300165700765,LL,-1.2668594152640098,-1,0.6565,0.2253,facility_delivery_pct
La Dade-Kotopon Municipal,Greater Accra,Municipal,5.58947605,-0.156988356399583,140264,38130,96308,5826,27.18445217589688,8.9,43.1,37.06724462442252,5.467546911538243,42.102749101693945,98.8,97.7,97.2,94.0,97.7,95.0,88.8,94.7,85.6,1.2,3.700000000000003,0.94075,20.0,16.0,10.0,8.85,13.4,91.8,4.4,79.2,0,0,0.0932994390678217,LL,-1.3340007586951514,-1,0.6522,0.4028,facility_delivery_pct
La Nkwantanang Madina Municipal,Greater Accra,Municipal,5.74468145,-0.172508699400876,220757,62472,150918,7367,28.298989386520017,11.3,42.7,35.27317367059708,7.713458689871669,37.97433376971059,98.8,97.7,97.2,94.0,97.7,95.0,88.8,94.7,85.6,1.2,3.700000000000003,0.94075,20.0,16.0,10.0,8.85,13.4,91.8,4.4,79.2,0,0,0.1353605336511204,LL,-1.3359337946659535,-1,0.6516,0.3512,facility_delivery_pct
Ledzokuku Municipal,Greater Accra,Municipal,5.6050983,-0.114493361214251,217304,60138,148782,8384,27.674594116997387,11.3,43.3,37.7604646025844,8.547932849832494,38.82027022052056,98.8,97.7,97.2,94.0,97.7,95.0,88.8,94.7,85.6,1.2,3.700000000000003,0.94075,20.0,16.0,10.0,8.85,13.4,91.8,4.4,79.2,0,0,0.1507276362134266,LL,-1.4070257722837185,-1,0.6571,0.4028,facility_delivery_pct
Ningo-Prampram,Greater Accra,Municipal,5.81176965,0.146110955005239,204673,70823,127484,6366,34.603000884337455,19.4,44.0,45.17156635218129,17.402881669785465,35.000219862903265,98.8,97.7,97.2,94.0,97.7,95.0,88.8,94.7,85.6,1.2,3.700000000000003,0.94075,20.0,16.0,10.0,8.85,13.4,91.8,4.4,79.2,0,0,0.3525759927428961,NS,0.006449368128295,0,0.6638,0.4317,facility_delivery_pct
Okaikoi North Municipal,Greater Accra,Municipal,5.6104365,-0.2395459,160446,42773,111438,6235,26.65881355720928,11.1,42.4,33.87993468207372,7.959064108796729,39.426972314672845,98.8,97.7,97.2,94.0,97.7,95.0,88.8,94.7,85.6,1.2,3.700000000000003,0.94075,20.0,16.0,10.0,8.85,13.4,91.8,4.4,79.2,0,0,0.0945927607473713,LL,-1.2436707148840147,-1,0.6511,0.2253,facility_delivery_pct
Shai-Osudoku,Greater Accra,District,5.95875335,0.161872328401567,105610,36703,64603,4304,34.7533377521068,23.5,44.2,28.738755799640188,21.54530820944986,31.773506296752203,98.8,97.7,97.2,94.0,97.7,95.0,88.8,94.7,85.6,1.2,3.700000000000003,0.94075,20.0,16.0,10.0,8.85,13.4,91.8,4.4,79.2,0,0,0.3547939214491556,NS,0.1620256967791724,0,0.6525,0.4431,facility_delivery_pct
Tema Metropolitan Area (TMA)-Tema Central & Tema East,Greater Accra,Metropolitan,5.6698,-0.01657,174494,49561,120497,4436,28.402695794697813,11.6,43.8,45.188946324802,11.34709502905544,39.76755647758662,98.8,97.7,97.2,94.0,97.7,95.0,88.8,94.7,85.6,1.2,3.700000000000003,0.94075,20.0,16.0,10.0,8.85,13.4,91.8,4.4,79.2,0,0,0.2008743547450353,LL,-1.201223635671182,-1,0.6622,0.422,facility_delivery_pct
Tema West Municipal,Greater Accra,Municipal,5.65076355,-0.0688760444019398,196224,54226,134053,7945,27.634743966079583,8.2,42.0,39.21334801043705,5.490154109589041,41.58257909328115,98.8,97.7,97.2,94.0,97.7,95.0,88.8,94.7,85.6,1.2,3.700000000000003,0.94075,20.0,16.0,10.0,8.85,13.4,91.8,4.4,79.2,0,0,0.0765975840804905,NS,-1.201223635671182,0,0.6528,0.2253,facility_delivery_pct
Weija Gbawe Municipal,Greater Accra,Municipal,5.55414475,-0.296466750643799,213674,67145,139746,6783,31.424038488538613,8.7,42.9,39.68522141205762,7.822196430075722,39.82375019890113,98.8,97.7,97.2,94.0,97.7,95.0,88.8,94.7,85.6,1.2,3.700000000000003,0.94075,20.0,16.0,10.0,8.85,13.4,91.8,4.4,79.2,0,0,0.1636877184235995,LL,-0.6963720256684305,-1,0.6574,0.3922,facility_delivery_pct
Bunkpurugu Nakpanduri,North East,District,10.632198,-0.180118,82384,31045,46879,4460,37.683288017090696,38.3,45.5,10.712031462419889,38.5633132647116,20.50033987181977,96.3,95.4,93.2,89.9,95.7,90.1,84.7,87.2,78.4,2.7,5.5,0.8952499999999999,41.0,20.0,11.0,18.95,7.3,83.5,55.1,27.2,1,1,0.5530291652499497,HH,1.885637274339656,1,0.9679,0.9979,facility_delivery_pct
Chereponi,North East,District,10.1792653999999,0.207987165887793,87176,41972,42952,2252,48.14627879232816,53.8,44.2,37.277461686702765,56.3056345783243,20.787831513260528,96.3,95.4,93.2,89.9,95.7,90.1,84.7,87.2,78.4,2.7,5.5,0.8952499999999999,41.0,20.0,11.0,18.95,7.3,83.5,55.1,27.2,1,1,0.8253696411530033,HH,1.6686714482655418,1,0.9729,0.9974,facility_delivery_pct
East Mamprusi Municipal,North East,Municipal,10.45279035,-0.416678651029704,188006,85994,95207,6805,45.74002957352425,54.7,47.4,16.822867355297173,52.28184206887014,14.471878557067328,96.3,95.4,93.2,89.9,95.7,90.1,84.7,87.2,78.4,2.7,5.5,0.8952499999999999,41.0,20.0,11.0,18.95,7.3,83.5,55.1,27.2,1,1,0.8575732883300982,HH,1.8181313089954385,1,0.9776,0.9976,facility_delivery_pct
Mamprugu Moagduri,North East,District,10.23964,-1.27428,68746,31749,34778,2219,46.18305065021965,44.5,42.4,62.55345765571815,58.87324353416926,31.37928024903267,96.3,95.4,93.2,89.9,95.7,90.1,84.7,87.2,78.4,2.7,5.5,0.8952499999999999,41.0,20.0,11.0,18.95,7.3,83.5,55.1,27.2,1,1,0.7375792172463799,HH,1.6547442635749674,1,0.9298,0.9946,facility_delivery_pct
West Mamprusi Municipal,North East,Municipal,10.29738455,-0.764055036110824,175755,78069,91981,5705,44.4192199368439,41.5,45.8,15.360018207163382,46.80492731358994,17.819692185144092,96.3,95.4,93.2,89.9,95.7,90.1,84.7,87.2,78.4,2.7,5.5,0.8952499999999999,41.0,20.0,11.0,18.95,7.3,83.5,55.1,27.2,1,1,0.703532095528307,HH,1.716898281045892,1,0.9756,0.9976,facility_delivery_pct
Yunyoo Nasuan,North East,District,10.4415225,-0.0276844142154081,56879,27619,26881,2379,48.5574640904376,56.9,47.0,33.07371789236801,58.01613952425324,18.309042001441654,96.3,95.4,93.2,89.9,95.7,90.1,84.7,87.2,78.4,2.7,5.5,0.8952499999999999,41.0,20.0,11.0,18.95,7.3,83.5,55.1,27.2,1,1,0.928227606832282,HH,1.919979069653985,1,0.9753,0.9974,facility_delivery_pct
Gushegu Municipal,Northern,Municipal,9.9185016,-0.2164706,153965,76400,73580,3985,49.62166726204008,51.5,44.3,48.12457376676517,59.790212061182736,23.434546812587275,86.1,89.1,83.4,77.3,86.6,78.7,72.8,72.6,55.8,9.0,11.799999999999995,0.7719999999999999,52.0,25.0,15.0,21.35,12.7,69.65,53.4,34.1,1,1,0.8634371096017011,HH,2.017482673798756,1,0.9657,0.9869,facility_delivery_pct
Karaga,Northern,District,9.9267799,-0.4316607,114225,54514,56284,3427,47.72510396147954,50.5,46.5,43.8695557014664,60.84044648719632,22.459181440140075,86.1,89.1,83.4,77.3,86.6,78.7,72.8,72.6,55.8,9.0,11.799999999999995,0.7719999999999999,52.0,25.0,15.0,21.35,12.7,69.65,53.4,34.1,1,1,0.8981429856249944,HH,1.9687174983770095,1,0.9664,0.9869,facility_delivery_pct
Kpandai,Northern,District,8.4635789,-0.0119853,126213,55749,66674,3790,44.170568800361295,48.6,42.1,53.62601316821564,51.02327018611395,32.69473033681158,86.1,89.1,83.4,77.3,86.6,78.7,72.8,72.6,55.8,9.0,11.799999999999995,0.7719999999999999,52.0,25.0,15.0,21.35,12.7,69.65,53.4,34.1,1,1,0.656377702741203,HH,1.476728498676758,1,0.9612,0.9726,facility_delivery_pct
Kumbungu,Northern,District,9.5591282,-0.9467086,110586,50334,55723,4529,45.51570723238023,45.0,46.4,35.690774600763206,50.708950500063295,18.12525997865914,86.1,89.1,83.4,77.3,86.6,78.7,72.8,72.6,55.8,9.0,11.799999999999995,0.7719999999999999,52.0,25.0,15.0,21.35,12.7,69.65,53.4,34.1,1,1,0.8261339715922995,HH,1.7730246107614,1,0.9649,0.9873,facility_delivery_pct
Mion,Northern,District,9.45284905,-0.335525511842833,94930,44991,47035,2904,47.39386916675445,53.4,44.5,42.37543453070683,60.72474454861477,25.150110607816284,86.1,89.1,83.4,77.3,86.6,78.7,72.8,72.6,55.8,9.0,11.799999999999995,0.7719999999999999,52.0,25.0,15.0,21.35,12.7,69.65,53.4,34.1,1,1,0.8229128060220947,HH,1.6946407112653032,1,0.9642,0.9875,facility_delivery_pct
Nanton,Northern,District,9.55848269999999,-0.710728600167338,50767,23551,25485,1731,46.390371698150375,39.9,45.3,38.78897709141766,55.03969113794393,23.96832588098568,86.1,89.1,83.4,77.3,86.6,78.7,72.8,72.6,55.8,9.0,11.799999999999995,0.7719999999999999,52.0,25.0,15.0,21.35,12.7,69.65,53.4,34.1,1,1,0.7649496024141832,HH,1.3650322069349456,1,0.957,0.9875,facility_delivery_pct
Nanumba North Municipal,Northern,Municipal,8.92200959999999,-0.138644700894755,188680,87611,95835,5234,46.43364426542294,41.5,41.4,43.8626245495018,53.02416790332839,28.89813440746237,86.1,89.1,83.4,77.3,86.6,78.7,72.8,72.6,55.8,9.0,11.799999999999995,0.7719999999999999,52.0,25.0,15.0,21.35,12.7,69.65,53.4,34.1,1,1,0.6356197456532205,HH,1.693244012914476,1,0.9548,0.9726,facility_delivery_pct
Nanumba South,Northern,District,8.76637935,0.0549741822848612,106374,51677,51631,3066,48.58048019252825,46.3,42.3,43.46832872694456,54.98336059563427,28.365014007182204,86.1,89.1,83.4,77.3,86.6,78.7,72.8,72.6,55.8,9.0,11.799999999999995,0.7719999999999999,52.0,25.0,15.0,21.35,12.7,69.65,53.4,34.1,1,1,0.7079746675572062,HH,1.6542740079329843,1,0.9636,0.9737,facility_delivery_pct
Saboba,Northern,District,9.70870525,0.196098328672698,95683,42203,50815,2665,44.10710366522789,46.0,45.3,21.53256064295643,45.89843545875443,24.53727412393006,86.1,89.1,83.4,77.3,86.6,78.7,72.8,72.6,55.8,9.0,11.799999999999995,0.7719999999999999,52.0,25.0,15.0,21.35,12.7,69.65,53.4,34.1,1,1,0.6685852972049318,HH,1.430504655966865,1,0.9611,0.9904,facility_delivery_pct
Sagnarigu Municipal,Northern,Municipal,9.48585935,-0.855049753344912,341711,132742,198919,10050,38.84627653192317,18.7,43.9,18.26163044209873,27.510381579756,25.15488234209609,86.1,89.1,83.4,77.3,86.6,78.7,72.8,72.6,55.8,9.0,11.799999999999995,0.7719999999999999,52.0,25.0,15.0,21.35,12.7,69.65,53.4,34.1,1,1,0.4040179973697407,HH,1.4073937285350535,1,0.9345,0.9876,facility_delivery_pct
Savelugu Municipal,Northern,Municipal,9.6260647,-0.8258943,122888,53963,64484,4441,43.91234294642276,41.1,45.5,35.82774558947985,49.38561942581863,18.37119979168023,86.1,89.1,83.4,77.3,86.6,78.7,72.8,72.6,55.8,9.0,11.799999999999995,0.7719999999999999,52.0,25.0,15.0,21.35,12.7,69.65,53.4,34.1,1,1,0.7657623375230079,HH,1.5734607738685256,1,0.9642,0.9869,facility_delivery_pct
Tamale Metropolitan Area (TMA)-Tamale Central & Tamale South,Northern,Metropolitan,9.40078,-0.8393,367324,144414,217676,5234,39.31515501301304,21.0,44.0,26.6484084895079,33.60929315808387,28.668151277890907,86.1,89.1,83.4,77.3,86.6,78.7,72.8,72.6,55.8,9.0,11.799999999999995,0.7719999999999999,52.0,25.0,15.0,21.35,12.7,69.65,53.4,34.1,1,1,0.4415776931536456,HH,1.7189393978644367,1,0.9446,0.9876,facility_delivery_pct
Tatale Sanguli,Northern,District,9.34906725,0.514632473680653,74805,34923,37235,2647,46.68538199318228,52.4,43.5,48.745404718935895,54.72094111356193,27.6425372635519,86.1,89.1,83.4,77.3,86.6,78.7,72.8,72.6,55.8,9.0,11.799999999999995,0.7719999999999999,52.0,25.0,15.0,21.35,12.7,69.65,53.4,34.1,1,1,0.7680680284476683,NS,1.5321335564515894,0,0.9641,0.9875,facility_delivery_pct
Tolon,Northern,District,9.555956,-1.19792230212529,118090,52825,60748,4517,44.73283089169278,57.5,46.8,52.02133965619444,56.018291133880936,18.238631552205945,86.1,89.1,83.4,77.3,86.6,78.7,72.8,72.6,55.8,9.0,11.799999999999995,0.7719999999999999,52.0,25.0,15.0,21.35,12.7,69.65,53.4,34.1,1,1,0.9488167381774908,HH,1.626260007091224,1,0.9669,0.9869,facility_delivery_pct
Yendi Municipal,Northern,Municipal,9.4739214,0.022769270127783,154421,66406,82090,5925,43.003218474171256,38.3,45.3,23.75518873728314,46.24694827776015,22.71582232986446,86.1,89.1,83.4,77.3,86.6,78.7,72.8,72.6,55.8,9.0,11.799999999999995,0.7719999999999999,52.0,25.0,15.0,21.35,12.7,69.65,53.4,34.1,1,1,0.6536774120011071,HH,1.462297852427635,1,0.9608,0.99,facility_delivery_pct
Zabzugu,Northern,District,9.294058,0.367064,82846,39380,41119,2347,47.53397870748135,42.7,43.3,39.019385365618135,55.76974144798783,23.618521111459817,86.1,89.1,83.4,77.3,86.6,78.7,72.8,72.6,55.8,9.0,11.799999999999995,0.7719999999999999,52.0,25.0,15.0,21.35,12.7,69.65,53.4,34.1,1,1,0.7367970090775917,HH,1.4994500082400328,1,0.9614,0.9866,facility_delivery_pct
Biakoye,Oti,District,7.39217985,0.262973639210098,71827,26978,40580,4269,37.55969203781308,34.2,42.2,38.995085413563146,31.34197446642628,36.63803305163796,94.9,98.2,96.1,91.5,94.5,91.9,84.2,87.4,73.7,0.5,6.700000000000003,0.895,72.0,44.0,32.0,15.65,15.9,66.94999999999999,28.2,40.8,1,1,0.3952381940685152,NS,-0.0965600735023654,0,0.8408,0.9785,facility_delivery_pct
Guan,Oti,District,7.19092,0.60951,28238,8918,16381,2939,31.58155676747645,28.1,42.9,27.3921665840357,17.67830582902472,36.185282243784975,94.9,98.2,96.1,91.5,94.5,91.9,84.2,87.4,73.7,0.5,6.700000000000003,0.895,72.0,44.0,32.0,15.65,15.9,66.94999999999999,28.2,40.8,1,1,0.251814522528738,NA (no polygon),,0,0.761,0.9868,facility_delivery_pct
Jasikan Municipal,Oti,Municipal,7.40707195,0.466071316332564,59695,20201,35859,3635,33.84035513862133,30.2,42.2,36.79872686154619,24.306893374654493,36.967920261328416,94.9,98.2,96.1,91.5,94.5,91.9,84.2,87.4,73.7,0.5,6.700000000000003,0.895,72.0,44.0,32.0,15.65,15.9,66.94999999999999,28.2,40.8,1,1,0.311046398676891,NS,-0.3982550787868198,0,0.818,0.9764,facility_delivery_pct
Kadjebi,Oti,District,7.7210325,0.534053201682814,73959,27415,42659,3885,37.0678348814884,27.2,41.5,28.898443732338187,28.64154463959761,36.59054340918617,94.9,98.2,96.1,91.5,94.5,91.9,84.2,87.4,73.7,0.5,6.700000000000003,0.895,72.0,44.0,32.0,15.65,15.9,66.94999999999999,28.2,40.8,1,1,0.3016080717192603,NS,0.1163393562578246,0,0.8972,0.9812,facility_delivery_pct
Krachi East Municipal,Oti,Municipal,7.69817,0.22447,110435,45671,61208,3556,41.35554851269978,41.2,41.6,45.87042151491828,43.51790646081405,34.610404310227736,94.9,98.2,96.1,91.5,94.5,91.9,84.2,87.4,73.7,0.5,6.700000000000003,0.895,72.0,44.0,32.0,15.65,15.9,66.94999999999999,28.2,40.8,1,1,0.5211773740432237,NS,0.4087005214777859,0,0.9039,0.9789,facility_delivery_pct
Krachi Nchumuru,Oti,District,8.1892008,-0.0866133771431008,79934,33990,42815,3129,42.52258112943178,47.2,40.8,60.01701403658017,47.79317937298271,36.03222658693422,94.9,98.2,96.1,91.5,94.5,91.9,84.2,87.4,73.7,0.5,6.700000000000003,0.895,72.0,44.0,32.0,15.65,15.9,66.94999999999999,28.2,40.8,1,1,0.585019188227458,HH,1.026824525609637,1,0.896,0.9789,facility_delivery_pct
Krachi West Municipal,Oti,Municipal,7.8,-0.01667,61128,23002,35712,2414,37.62923701086245,37.4,41.7,25.29937180997252,41.15135453474676,33.590171443528334,94.9,98.2,96.1,91.5,94.5,91.9,84.2,87.4,73.7,0.5,6.700000000000003,0.895,72.0,44.0,32.0,15.65,15.9,66.94999999999999,28.2,40.8,1,1,0.4008929894681901,NS,0.6232441019243797,0,0.9007,0.9835,facility_delivery_pct
Nkwanta North (Kpassa),Oti,District,8.4892994,0.3094664,126096,57034,65690,3372,45.23061794188555,55.2,41.7,73.1704415683289,54.9343357441949,31.562460347671617,94.9,98.2,96.1,91.5,94.5,91.9,84.2,87.4,73.7,0.5,6.700000000000003,0.895,72.0,44.0,32.0,15.65,15.9,66.94999999999999,28.2,40.8,1,1,0.7706324919876185,HH,1.3236757926019245,1,0.9213,0.9829,facility_delivery_pct
Nkwanta South Municipal,Oti,Municipal,8.25811615,0.509975335946734,135936,56562,74412,4962,41.60928672316384,42.8,41.8,52.28489877589454,44.774746939736346,34.65527895480226,94.9,98.2,96.1,91.5,94.5,91.9,84.2,87.4,73.7,0.5,6.700000000000003,0.895,72.0,44.0,32.0,15.65,15.9,66.94999999999999,28.2,40.8,1,1,0.5615133129879342,HH,0.8140169682526485,1,0.9073,0.9782,facility_delivery_pct
Bole,Savannah,District,8.69166865,-2.17855621492469,115800,43854,68329,3617,37.870466321243526,37.2,44.8,19.56131260794473,48.80224525043178,23.988773747841105,94.9,96.3,93.7,83.4,94.9,90.0,74.3,86.4,67.6,1.6,12.899999999999991,0.8475,63.0,46.0,32.0,23.1,14.2,70.8,46.9,30.9,1,1,0.5688733512232198,HH,1.0373148054304842,1,0.9678,0.9916,facility_delivery_pct
Central Gonja,Savannah,District,8.93715119999999,-1.10983922943129,142762,65943,73125,3694,46.19086311483448,61.8,46.6,46.17895518415265,56.9206091256777,16.946386293271317,94.9,96.3,93.7,83.4,94.9,90.0,74.3,86.4,67.6,1.6,12.899999999999991,0.8475,63.0,46.0,32.0,23.1,14.2,70.8,46.9,30.9,1,1,0.9653356750244064,HH,1.5485013800528404,1,0.998,0.9927,facility_delivery_pct
East Gonja Municipal,Savannah,Municipal,8.347473,-0.7895018232454,117755,48464,65814,3477,41.15663878391575,38.8,43.1,29.471360027175063,51.28189885779797,26.80480658995372,94.9,96.3,93.7,83.4,94.9,90.0,74.3,86.4,67.6,1.6,12.899999999999991,0.8475,63.0,46.0,32.0,23.1,14.2,70.8,46.9,30.9,1,1,0.5808776960873545,HH,1.1714303795861651,1,0.9918,0.9941,facility_delivery_pct
North East Gonja,Savannah,District,8.98787705,-0.403868101269744,39404,18605,19741,1058,47.21601867830677,60.4,45.6,58.895036036950565,59.93046391229316,21.982539843670693,94.9,96.3,93.7,83.4,94.9,90.0,74.3,86.4,67.6,1.6,12.899999999999991,0.8475,63.0,46.0,32.0,23.1,14.2,70.8,46.9,30.9,1,1,0.9579529110196644,HH,1.1723086653034558,1,0.9843,0.993,facility_delivery_pct
North Gonja,Savannah,District,8.98787705,-0.403868101269744,61443,28025,31631,1787,45.61137965268623,58.4,47.2,59.69923343586739,60.03613104828865,19.77768012629592,94.9,96.3,93.7,83.4,94.9,90.0,74.3,86.4,67.6,1.6,12.899999999999991,0.8475,63.0,46.0,32.0,23.1,14.2,70.8,46.9,30.9,1,1,1.0,HH,2.058688446690055,1,0.9873,0.993,facility_delivery_pct
Sawla Tuna Kalba,Savannah,District,9.4809443,-2.41330933679435,112664,46888,60003,5773,41.61755307817936,54.2,46.9,42.84598452034368,58.733934530994816,20.15905701910104,94.9,96.3,93.7,83.4,94.9,90.0,74.3,86.4,67.6,1.6,12.899999999999991,0.8475,63.0,46.0,32.0,23.1,14.2,70.8,46.9,30.9,1,1,0.8702076797188842,HH,1.7858896294746869,1,0.9662,0.9795,facility_delivery_pct
West Gonja,Savannah,Municipal,9.5267018,-1.5071681,63449,24440,36990,2019,38.51912559693612,39.7,44.9,8.877996501126889,40.19133477280965,16.24139072325805,94.9,96.3,93.7,83.4,94.9,90.0,74.3,86.4,67.6,1.6,12.899999999999991,0.8475,63.0,46.0,32.0,23.1,14.2,70.8,46.9,30.9,1,1,0.5821168950261718,HH,2.02369172668656,1,0.9657,0.9942,facility_delivery_pct
Bawku Municipal,Upper East,Municipal,11.0607602,-0.2422876,119458,45638,67056,6764,38.20422240452712,23.6,44.8,7.240201577123341,41.61546317534196,25.963937115973817,93.6,98.2,91.0,84.6,91.4,83.9,77.7,92.2,70.4,1.2,13.600000000000009,0.87025,49.0,36.0,27.0,9.1,3.2,97.55,25.9,55.2,1,1,0.4405426882039019,HH,1.3498590394270198,1,0.9646,0.9726,dhs_no_insurance_women_pct
Bawku West,Upper East,District,10.84277,-0.492947618512454,144189,58594,77278,8317,40.6369417916762,47.6,47.2,12.632031569675911,51.87496965787959,20.99050551706441,93.6,98.2,91.0,84.6,91.4,83.9,77.7,92.2,70.4,1.2,13.600000000000009,0.87025,49.0,36.0,27.0,9.1,3.2,97.55,25.9,55.2,1,1,0.7087327110025916,HH,1.891285655953339,1,0.9652,0.9735,dhs_no_insurance_women_pct
Binduri,Upper East,District,10.9694889,-0.3062234,76679,30350,40704,5625,39.58058920956194,53.8,47.8,14.259445219682052,52.68195985863143,17.92146480783526,93.6,98.2,91.0,84.6,91.4,83.9,77.7,92.2,70.4,1.2,13.600000000000009,0.87025,49.0,36.0,27.0,9.1,3.2,97.55,25.9,55.2,1,1,0.7698699127072527,HH,1.270289758404744,1,0.9666,0.9777,dhs_no_insurance_women_pct
Bolgatanga East,Upper East,District,10.7853963,-0.8487322,38824,13433,23093,2298,34.599732124459095,24.9,44.0,7.412940449206676,32.20688234082011,25.21636101380589,93.6,98.2,91.0,84.6,91.4,83.9,77.7,92.2,70.4,1.2,13.600000000000009,0.87025,49.0,36.0,27.0,9.1,3.2,97.55,25.9,55.2,1,1,0.3635085074161158,LH,1.137566275233678,1,0.9571,0.9749,dhs_no_insurance_women_pct
Bolgatanga Municipal,Upper East,Municipal,10.7853963,-0.8487322,142509,49036,87289,6184,34.40905486671017,20.2,44.8,8.779094653670997,28.307685830368605,28.901332547418058,93.6,98.2,91.0,84.6,91.4,83.9,77.7,92.2,70.4,1.2,13.600000000000009,0.87025,49.0,36.0,27.0,9.1,3.2,97.55,25.9,55.2,1,1,0.3299470700093158,LH,0.7294809602562763,1,0.9534,0.9701,dhs_no_insurance_women_pct
Bongo,Upper East,District,10.9166838999999,-0.805767855895511,116431,43545,65217,7669,37.39983337770869,54.0,48.5,17.024675558914723,44.63587876081112,14.250500296312838,93.6,98.2,91.0,84.6,91.4,83.9,77.7,92.2,70.4,1.2,13.600000000000009,0.87025,49.0,36.0,27.0,9.1,3.2,97.55,25.9,55.2,1,1,0.7812034358012577,NS,0.982730953776565,0,0.9674,0.9735,dhs_no_insurance_women_pct
Builsa North Municipal,Upper East,Municipal,10.73472,-1.29056,56571,19575,32840,4156,34.60253486768839,39.7,46.8,11.470541443495785,39.925049937247,22.69890933517173,93.6,98.2,91.0,84.6,91.4,83.9,77.7,92.2,70.4,1.2,13.600000000000009,0.87025,49.0,36.0,27.0,9.1,3.2,97.55,25.9,55.2,1,1,0.5535395386258501,HH,1.1062670308612632,1,0.9639,0.9757,dhs_no_insurance_women_pct
Builsa South,Upper East,District,10.53032385,-1.26246582508358,36575,13644,20759,2172,37.30416951469583,55.1,47.7,21.892002734108,51.07860560492139,18.99931647300068,93.6,98.2,91.0,84.6,91.4,83.9,77.7,92.2,70.4,1.2,13.600000000000009,0.87025,49.0,36.0,27.0,9.1,3.2,97.55,25.9,55.2,1,1,0.7628316679834619,HH,1.0747429078108766,1,0.9621,0.9777,dhs_no_insurance_women_pct
Garu,Upper East,District,10.76975475,-0.21182067584702,71774,29172,36804,5798,40.64424443391758,44.7,47.7,19.93618859196924,51.40301501936635,21.58023796918104,93.6,98.2,91.0,84.6,91.4,83.9,77.7,92.2,70.4,1.2,13.600000000000009,0.87025,49.0,36.0,27.0,9.1,3.2,97.55,25.9,55.2,1,1,0.732072211906225,HH,1.419304701958254,1,0.962,0.9777,dhs_no_insurance_women_pct
Kasena Nankana Municipal,Upper East,Municipal,10.895598,-1.30768,99895,32794,61092,6009,32.82846989338806,33.8,47.1,12.46208518944892,32.681315381150206,23.106261574653388,93.6,98.2,91.0,84.6,91.4,83.9,77.7,92.2,70.4,1.2,13.600000000000009,0.87025,49.0,36.0,27.0,9.1,3.2,97.55,25.9,55.2,1,1,0.4999993376414123,HH,0.9865523815819068,1,0.9572,0.9757,dhs_no_insurance_women_pct
Kasena Nankana West,Upper East,District,10.895598,-1.30768,90735,32840,50947,6948,36.19331018901196,53.6,47.4,13.600044084421668,41.1483991844382,16.54818978343528,93.6,98.2,91.0,84.6,91.4,83.9,77.7,92.2,70.4,1.2,13.600000000000009,0.87025,49.0,36.0,27.0,9.1,3.2,97.55,25.9,55.2,1,1,0.6957271504207181,NS,1.0902746578397176,0,0.9672,0.9777,dhs_no_insurance_women_pct
Nabdam,Upper East,District,10.8469045,-0.661562047243897,53039,18506,31708,2825,34.891306397179434,68.6,51.2,19.838232244197663,46.52614114142424,10.09068798431343,93.6,98.2,91.0,84.6,91.4,83.9,77.7,92.2,70.4,1.2,13.600000000000009,0.87025,49.0,36.0,27.0,9.1,3.2,97.55,25.9,55.2,1,1,0.9326585805703376,HH,1.494837869773613,1,0.9593,0.9757,dhs_no_insurance_women_pct
Pusiga,Upper East,District,11.0854045,-0.1276855,80533,34109,41470,4954,42.35406603504154,40.8,45.4,8.454919101486347,54.82597196180448,19.636670681583947,93.6,98.2,91.0,84.6,91.4,83.9,77.7,92.2,70.4,1.2,13.600000000000009,0.87025,49.0,36.0,27.0,9.1,3.2,97.55,25.9,55.2,1,1,0.656903579622192,NS,1.1257084218379585,0,0.965,0.9777,dhs_no_insurance_women_pct
Talensi,Upper East,District,10.6451057499999,-0.62587443176215,87021,32330,49617,5074,37.15195182771975,56.2,48.9,18.847174819871064,40.69017823284035,17.452109260982983,93.6,98.2,91.0,84.6,91.4,83.9,77.7,92.2,70.4,1.2,13.600000000000009,0.87025,49.0,36.0,27.0,9.1,3.2,97.55,25.9,55.2,1,1,0.7659885350356853,HH,1.1874677751156293,1,0.9637,0.9777,dhs_no_insurance_women_pct
Tempane,Upper East,District,10.9030714,-0.0914351270233069,86993,35730,44486,6777,41.07227018265838,50.7,48.1,18.289977354499783,54.79406389019806,18.423321416665708,93.6,98.2,91.0,84.6,91.4,83.9,77.7,92.2,70.4,1.2,13.600000000000009,0.87025,49.0,36.0,27.0,9.1,3.2,97.55,25.9,55.2,1,1,0.7989942663836064,HH,1.243520752217207,1,0.9627,0.9777,dhs_no_insurance_women_pct
Daffiama Bussie Issa,Upper West,District,10.36748405,-2.26222672458466,38754,14989,21278,2487,38.67729782732105,38.7,44.4,26.28889921040409,55.64844919234143,25.984414512050368,95.7,97.3,95.2,93.0,97.0,93.6,85.3,84.6,74.7,1.7,4.299999999999997,0.8965000000000001,42.0,25.0,16.0,7.8,6.7,93.4,34.6,51.0,1,1,0.6015882721483613,HH,0.8455482455087431,1,0.9064,0.9795,dhs_no_insurance_women_pct
Jirapa Municipal,Upper West,Municipal,10.5366328,-2.7008646,91279,33666,51830,5783,36.8825250057516,50.1,47.4,12.440977661893754,49.11206301558957,16.659910822861775,95.7,97.3,95.2,93.0,97.0,93.6,85.3,84.6,74.7,1.7,4.299999999999997,0.8965000000000001,42.0,25.0,16.0,7.8,6.7,93.4,34.6,51.0,1,1,0.7109482577386272,HH,1.0709917226985155,1,0.9366,0.9818,dhs_no_insurance_women_pct
Lambussie Karni,Upper West,District,10.846747,-2.708741,51118,20485,27694,2939,40.073946555029536,44.2,46.0,11.416722093978638,50.17019445205212,21.04542431237529,95.7,97.3,95.2,93.0,97.0,93.6,85.3,84.6,74.7,1.7,4.299999999999997,0.8965000000000001,42.0,25.0,16.0,7.8,6.7,93.4,34.6,51.0,1,1,0.6475050724180093,HH,0.9383908095899688,1,0.9366,0.9818,dhs_no_insurance_women_pct
Lawra Municipal,Upper West,Municipal,10.61348995,-2.86412434170417,58433,20849,33474,4110,35.68018071979874,39.5,45.8,6.049663717419951,46.10921910564236,21.7650984888676,95.7,97.3,95.2,93.0,97.0,93.6,85.3,84.6,74.7,1.7,4.299999999999997,0.8965000000000001,42.0,25.0,16.0,7.8,6.7,93.4,34.6,51.0,1,1,0.5439872522155434,NS,0.9264724053437324,0,0.9294,0.9818,dhs_no_insurance_women_pct
Nadowli Kaleo,Upper West,District,10.2868347,-2.6394776056347,77057,28271,43263,5523,36.688425451289305,40.6,47.2,12.824272940810047,44.25944430746071,21.50615777930623,95.7,97.3,95.2,93.0,97.0,93.6,85.3,84.6,74.7,1.7,4.299999999999997,0.8965000000000001,42.0,25.0,16.0,7.8,6.7,93.4,34.6,51.0,1,1,0.6167020436391052,HH,1.0952199044886328,1,0.9357,0.9818,dhs_no_insurance_women_pct
Nandom,Upper West,Municipal,10.8520701,-2.760077,51328,17865,29780,3683,34.80556421446384,31.8,44.8,5.231062967581048,43.84741271820449,23.37320760598504,95.7,97.3,95.2,93.0,97.0,93.6,85.3,84.6,74.7,1.7,4.299999999999997,0.8965000000000001,42.0,25.0,16.0,7.8,6.7,93.4,34.6,51.0,1,1,0.4571599677971876,NS,0.73618423952175,0,0.9321,0.9812,dhs_no_insurance_women_pct
Sissala East Municipal,Upper West,Municipal,10.59705475,-1.85050542952138,80619,31248,46096,3275,38.760093774420426,28.8,44.3,16.52960220295464,45.86139743732867,29.39257495131421,95.7,97.3,95.2,93.0,97.0,93.6,85.3,84.6,74.7,1.7,4.299999999999997,0.8965000000000001,42.0,25.0,16.0,7.8,6.7,93.4,34.6,51.0,1,1,0.4705577679845533,HH,1.1979071695909431,1,0.9169,0.9818,dhs_no_insurance_women_pct
Sissala West,Upper West,District,10.7467085,-2.29346951572635,63828,26398,34398,3032,41.358024691358025,32.3,46.1,12.477282697248857,49.8448956570784,23.63382841386225,95.7,97.3,95.2,93.0,97.0,93.6,85.3,84.6,74.7,1.7,4.299999999999997,0.8965000000000001,42.0,25.0,16.0,7.8,6.7,93.4,34.6,51.0,1,1,0.6025362397710704,HH,1.005357080033262,1,0.9388,0.9818,dhs_no_insurance_women_pct
Wa East,Upper West,District,10.06069,-2.50192,91457,37571,49981,3905,41.08050777961228,48.7,45.3,31.3644663612408,58.19784160862482,26.312912078900467,95.7,97.3,95.2,93.0,97.0,93.6,85.3,84.6,74.7,1.7,4.299999999999997,0.8965000000000001,42.0,25.0,16.0,7.8,6.7,93.4,34.6,51.0,1,1,0.7096435650212654,HH,1.439071522408595,1,0.9031,0.9756,dhs_no_insurance_women_pct
Wa Municipal,Upper West,Municipal,10.0623261,-2.5054273,200672,70453,122978,7241,35.10853532132036,16.5,43.4,10.886919948971457,27.150773401371392,27.80756657630362,95.7,97.3,95.2,93.0,97.0,93.6,85.3,84.6,74.7,1.7,4.299999999999997,0.8965000000000001,42.0,25.0,16.0,7.8,6.7,93.4,34.6,51.0,1,1,0.2972087078725295,LH,1.0939893149491402,1,0.9171,0.9793,dhs_no_insurance_women_pct
Wa West,Upper West,District,9.8985772,-2.6832633,96957,39954,50917,6086,41.2079581670225,61.9,48.7,30.873479996287013,56.69936157265592,19.18891879905525,95.7,97.3,95.2,93.0,97.0,93.6,85.3,84.6,74.7,1.7,4.299999999999997,0.8965000000000001,42.0,25.0,16.0,7.8,6.7,93.4,34.6,51.0,1,1,0.9019624788687236,HH,1.3473518336957178,1,0.9062,0.9756,dhs_no_insurance_women_pct
Adaklu,Volta,District,6.4470511,0.6286474,38649,13858,22114,2677,35.856037672384794,33.2,43.6,27.02786618023752,28.61652306657352,31.892157623741884,99.1,100.0,95.2,87.6,97.5,93.1,86.4,90.7,79.6,0.0,12.400000000000006,0.9095,47.0,38.0,29.0,9.9,6.8,90.7,6.7,72.0,1,0,0.3997483802775169,NS,-0.3545890917017973,0,0.8909,0.9925,dhs_no_insurance_women_pct
Afadzato South,Volta,District,7.0222497,0.561946,73146,25610,41912,5624,35.01216744593006,32.5,43.7,28.94348289721926,19.27514833347005,30.05085718973013,99.1,100.0,95.2,87.6,97.5,93.1,86.4,90.7,79.6,0.0,12.400000000000006,0.9095,47.0,38.0,29.0,9.9,6.8,90.7,6.7,72.0,1,0,0.382639592364985,NS,-0.417347789901272,0,0.884,0.9946,dhs_no_insurance_women_pct
Agortime-Ziope,Volta,District,6.42618935,0.732357165932429,39553,13422,23239,2892,33.93421485095947,25.7,43.4,25.66682678937122,30.265719414456555,38.49518367759715,99.1,100.0,95.2,87.6,97.5,93.1,86.4,90.7,79.6,0.0,12.400000000000006,0.9095,47.0,38.0,29.0,9.9,6.8,90.7,6.7,72.0,1,0,0.2968091003760583,NS,-0.1006806628650987,0,0.8895,0.9899,dhs_no_insurance_women_pct
Akatsi North,Volta,District,6.3108306,0.876439062223793,32755,11458,18519,2778,34.98091894367272,39.3,44.4,51.1189131430316,35.48771179972523,32.56602045489238,99.1,100.0,95.2,87.6,97.5,93.1,86.4,90.7,79.6,0.0,12.400000000000006,0.9095,47.0,38.0,29.0,9.9,6.8,90.7,6.7,72.0,1,0,0.5379999763510755,NS,0.1253138777948779,0,0.869,0.9882,dhs_no_insurance_women_pct
Akatsi South Municipal,Volta,District,8.25846,0.508747,92133,31520,53782,6831,34.21141176342896,30.1,44.5,31.44692998165695,29.127457045792493,31.04316585805304,99.1,100.0,95.2,87.6,97.5,93.1,86.4,90.7,79.6,0.0,12.400000000000006,0.9095,47.0,38.0,29.0,9.9,6.8,90.7,6.7,72.0,1,0,0.4215565375110017,NS,0.1803719438874193,0,0.9307,0.9957,dhs_no_insurance_women_pct
Anloga,Volta,District,5.7936484,0.8984702,94895,31352,55559,7984,33.038621634438066,31.6,45.9,43.92222983297329,30.8256494019706,28.830813003846355,99.1,100.0,95.2,87.6,97.5,93.1,86.4,90.7,79.6,0.0,12.400000000000006,0.9095,47.0,38.0,29.0,9.9,6.8,90.7,6.7,72.0,1,0,0.5216389905383892,NS,0.3115653417451393,0,0.8834,0.9886,dhs_no_insurance_women_pct
Central Tongu,Volta,District,6.16884364999999,0.611561745917151,83284,30509,46892,5883,36.63248643196773,36.0,44.4,31.613515200999,35.01392824552135,29.45583785601076,99.1,100.0,95.2,87.6,97.5,93.1,86.4,90.7,79.6,0.0,12.400000000000006,0.9095,47.0,38.0,29.0,9.9,6.8,90.7,6.7,72.0,1,0,0.4960135126177216,NS,0.2305848310986411,0,0.8819,0.9908,dhs_no_insurance_women_pct
Ho Municipal,Volta,Municipal,6.6126598,0.4688932,180142,50285,119429,10428,27.91408999567008,12.5,42.1,13.459382043054925,10.56277825271175,34.23743491245795,99.1,100.0,95.2,87.6,97.5,93.1,86.4,90.7,79.6,0.0,12.400000000000006,0.9095,47.0,38.0,29.0,9.9,6.8,90.7,6.7,72.0,1,0,0.0804663758871452,NS,-0.6340194123387174,0,0.8258,0.979,dhs_no_insurance_women_pct
Ho West,Volta,District,6.590707,0.46714,83172,26689,49177,7306,32.08892415716828,27.9,42.7,30.911845332563843,18.87894964651565,34.14009522435435,99.1,100.0,95.2,87.6,97.5,93.1,86.4,90.7,79.6,0.0,12.400000000000006,0.9095,47.0,38.0,29.0,9.9,6.8,90.7,6.7,72.0,1,0,0.2831775204787465,NS,-0.3377026279605981,0,0.8928,0.9887,dhs_no_insurance_women_pct
Hohoe Municipal,Volta,Municipal,7.153187,0.477735,114472,38187,69857,6428,33.35924942343979,18.8,42.8,19.340974212034386,16.05370745684534,32.53896149276679,99.1,100.0,95.2,87.6,97.5,93.1,86.4,90.7,79.6,0.0,12.400000000000006,0.9095,47.0,38.0,29.0,9.9,6.8,90.7,6.7,72.0,1,0,0.2281083454413064,NS,-0.3696370368646033,0,0.8997,0.9939,dhs_no_insurance_women_pct
Keta Municipal,Volta,Municipal,5.9215688,0.9910728,78862,23991,48021,6850,30.421495777434,25.2,45.0,27.29197839263524,25.12870584058228,29.42989018792321,99.1,100.0,95.2,87.6,97.5,93.1,86.4,90.7,79.6,0.0,12.400000000000006,0.9095,47.0,38.0,29.0,9.9,6.8,90.7,6.7,72.0,1,0,0.3656058159301407,NS,0.3014513709995741,0,0.8892,0.99,dhs_no_insurance_women_pct
Ketu North Municipal,Volta,Municipal,6.192057,0.981151401381816,114993,39737,66479,8777,34.55601645317541,27.2,44.3,38.01883592914351,31.571486960075827,33.15245275799397,99.1,100.0,95.2,87.6,97.5,93.1,86.4,90.7,79.6,0.0,12.400000000000006,0.9095,47.0,38.0,29.0,9.9,6.8,90.7,6.7,72.0,1,0,0.4237130236771055,NS,0.2953836219316912,0,0.8804,0.9865,dhs_no_insurance_women_pct
Ketu South Municipal,Volta,Municipal,6.07748514999999,1.0706219725046,253122,93817,146389,12916,37.06394544923002,25.6,45.4,47.85794992138178,30.057442656110496,29.56439977560228,99.1,100.0,95.2,87.6,97.5,93.1,86.4,90.7,79.6,0.0,12.400000000000006,0.9095,47.0,38.0,29.0,9.9,6.8,90.7,6.7,72.0,1,0,0.5315338839236942,NS,0.2208819066806197,0,0.8655,0.9873,dhs_no_insurance_women_pct
Kpando Municipal,Volta,Municipal,7.0000115,0.318327973849328,58552,18352,36737,3463,31.34307965569067,23.4,43.4,19.73630277360295,18.77305642847384,31.70002732613745,99.1,100.0,95.2,87.6,97.5,93.1,86.4,90.7,79.6,0.0,12.400000000000006,0.9095,47.0,38.0,29.0,9.9,6.8,90.7,6.7,72.0,1,0,0.2583100842336602,NS,-0.3845849885614458,0,0.9,0.9945,dhs_no_insurance_women_pct
North Dayi,Volta,District,6.91384645,0.22267318926127,39268,12150,23173,3945,30.94122440664154,30.1,43.6,22.858307018437404,19.326168890699808,31.90129367423857,99.1,100.0,95.2,87.6,97.5,93.1,86.4,90.7,79.6,0.0,12.400000000000006,0.9095,47.0,38.0,29.0,9.9,6.8,90.7,6.7,72.0,1,0,0.2951983168490699,NS,-0.3267491482253085,0,0.8883,0.9942,dhs_no_insurance_women_pct
North Tongu,Volta,District,6.14399495,0.297188924896433,111410,42106,62766,6538,37.79373485324477,38.4,45.4,40.9074589354636,30.73512252042007,29.840229781886723,99.1,100.0,95.2,87.6,97.5,93.1,86.4,90.7,79.6,0.0,12.400000000000006,0.9095,47.0,38.0,29.0,9.9,6.8,90.7,6.7,72.0,1,0,0.5597599753542187,NS,0.5407768201837818,0,0.8689,0.9894,dhs_no_insurance_women_pct
South Dayi,Volta,District,6.5449087,0.240546020283373,57518,19258,34609,3651,33.48169268750652,29.0,44.3,20.92910045550958,21.276817691852983,28.68667199833096,99.1,100.0,95.2,87.6,97.5,93.1,86.4,90.7,79.6,0.0,12.400000000000006,0.9095,47.0,38.0,29.0,9.9,6.8,90.7,6.7,72.0,1,0,0.3605024946849074,NS,-0.2974303606384005,0,0.9044,0.9916,dhs_no_insurance_women_pct
South Tongu,Volta,District,5.96577275,0.641061228110148,113114,40287,65303,7524,35.61628092013367,32.4,45.2,34.3396926994006,28.695828986686,29.99098254857931,99.1,100.0,95.2,87.6,97.5,93.1,86.4,90.7,79.6,0.0,12.400000000000006,0.9095,47.0,38.0,29.0,9.9,6.8,90.7,6.7,72.0,1,0,0.4801625946891386,NS,0.4820062613067948,0,0.8765,0.9888,dhs_no_insurance_women_pct
Ahanta West Municipal,Western,Municipal,4.8514282,-1.98665461803006,153140,55443,92175,5522,36.20412694266684,27.2,44.7,46.2981585477341,24.98759305210918,32.52709938618258,93.2,93.5,91.3,82.8,92.5,86.8,73.6,77.3,62.5,4.5,10.700000000000005,0.8172499999999999,48.0,36.0,25.0,5.75,11.6,84.55,9.7,65.4,1,1,0.4638988884073936,NS,-0.365031023814688,0,0.6949,0.156,facility_delivery_pct
Effia Kwesimintsim Municipal,Western,Municipal,4.96766095,-1.80360599719917,173975,52543,114094,7338,30.20146572783446,9.3,42.5,23.31829285816928,8.98404943238971,36.548354648656414,93.2,93.5,91.3,82.8,92.5,86.8,73.6,77.3,62.5,4.5,10.700000000000005,0.8172499999999999,48.0,36.0,25.0,5.75,11.6,84.55,9.7,65.4,1,1,0.1142000240174273,NS,-0.5003480513305699,0,0.6181,0.106,facility_delivery_pct
Ellembelle,Western,District,5.14952214999999,-2.42142536190491,120893,42807,73787,4299,35.40899803958873,33.3,42.8,30.29290364206365,26.28026436600961,29.42271264672065,93.2,93.5,91.3,82.8,92.5,86.8,73.6,77.3,62.5,4.5,10.700000000000005,0.8172499999999999,48.0,36.0,25.0,5.75,11.6,84.55,9.7,65.4,1,1,0.3971200151484908,NS,0.09789960460137,0,0.6619,0.0642,facility_delivery_pct
Jomoro Municipal,Western,Municipal,5.199616,-2.61473434715296,126576,45705,76161,4710,36.10874099355328,31.2,43.7,31.74693464795854,28.70291366451776,31.53204398938188,93.2,93.5,91.3,82.8,92.5,86.8,73.6,77.3,62.5,4.5,10.700000000000005,0.8172499999999999,48.0,36.0,25.0,5.75,11.6,84.55,9.7,65.4,1,1,0.417777113631228,NS,-0.0926322987669424,0,0.6287,0.0729,facility_delivery_pct
Mpohor,Western,District,4.9705877,-1.8927971,52028,17842,32323,1863,34.29307296071346,31.4,44.3,48.47389866994696,26.276235872991467,34.202736987775815,93.2,93.5,91.3,82.8,92.5,86.8,73.6,77.3,62.5,4.5,10.700000000000005,0.8172499999999999,48.0,36.0,25.0,5.75,11.6,84.55,9.7,65.4,1,1,0.4477917303208196,NS,-0.3472827480851828,0,0.6849,0.152,facility_delivery_pct
Nzema East Municipal,Western,Municipal,5.08576495,-2.22263416898707,94621,34189,57796,2636,36.13257099375403,38.2,43.0,49.09058242884772,34.410965853246104,34.76289618583613,93.2,93.5,91.3,82.8,92.5,86.8,73.6,77.3,62.5,4.5,10.700000000000005,0.8172499999999999,48.0,36.0,25.0,5.75,11.6,84.55,9.7,65.4,1,1,0.478490743232394,NS,0.1555261058714466,0,0.653,0.1332,facility_delivery_pct
Prestea/Huni Valley Municipal,Western,Municipal,5.44481979999999,-2.04050432321944,229301,82651,140632,6018,36.04476212489261,29.5,43.8,48.87200666373021,25.7390940292454,32.102781932917864,93.2,93.5,91.3,82.8,92.5,86.8,73.6,77.3,62.5,4.5,10.700000000000005,0.8172499999999999,48.0,36.0,25.0,5.75,11.6,84.55,9.7,65.4,1,1,0.4606256431525279,NS,0.2385936867260347,0,0.6888,0.156,facility_delivery_pct
"Sekondi Takoradi Metropolitan Area (STMA)- Takoradi, Sekondi & Essikado-Ketan",Western,Metropolitan,4.95328,-1.73308,245382,73755,160556,11071,30.057216910775853,10.1,42.6,20.05729841634676,9.649852067388808,34.71077748164087,93.2,93.5,91.3,82.8,92.5,86.8,73.6,77.3,62.5,4.5,10.700000000000005,0.8172499999999999,48.0,36.0,25.0,5.75,11.6,84.55,9.7,65.4,1,1,0.1235177521595432,NS,-0.4214810644999308,0,0.6235,0.115,facility_delivery_pct
Shama,Western,District,5.0606463,-1.64288365568687,117224,42941,69371,4912,36.63157715143657,22.0,44.4,30.40162424076981,20.930014331536203,32.5743874974408,93.2,93.5,91.3,82.8,92.5,86.8,73.6,77.3,62.5,4.5,10.700000000000005,0.8172499999999999,48.0,36.0,25.0,5.75,11.6,84.55,9.7,65.4,1,1,0.3709682680954864,NS,-0.1227362736320498,0,0.6898,0.1588,facility_delivery_pct
Tarkwa-Nsuaem Municipal,Western,Municipal,5.310935,-1.992426,219109,71959,141700,5450,32.841645025991625,18.2,43.5,28.3826771150432,17.815333920560086,33.78135996239315,93.2,93.5,91.3,82.8,92.5,86.8,73.6,77.3,62.5,4.5,10.700000000000005,0.8172499999999999,48.0,36.0,25.0,5.75,11.6,84.55,9.7,65.4,1,1,0.2683720510576932,NS,0.1638064634558109,0,0.6842,0.1497,facility_delivery_pct
Wassa Amenfi Central,Western,District,5.7890318,-2.0839856,117999,44080,70412,3507,37.35624878176934,37.6,43.0,47.02327985830389,34.11469588725328,33.496046576665904,93.2,93.5,91.3,82.8,92.5,86.8,73.6,77.3,62.5,4.5,10.700000000000005,0.8172499999999999,48.0,36.0,25.0,5.75,11.6,84.55,9.7,65.4,1,1,0.4900484598654736,NS,-0.0007809119852626,0,0.6534,0.1411,facility_delivery_pct
Wassa Amenfi East Municipal,Western,Municipal,5.87660585,-1.98975398510416,179696,61589,113067,5040,34.273996082272284,35.5,44.4,45.96652123586502,32.21385005787552,30.83819339328644,93.2,93.5,91.3,82.8,92.5,86.8,73.6,77.3,62.5,4.5,10.700000000000005,0.8172499999999999,48.0,36.0,25.0,5.75,11.6,84.55,9.7,65.4,1,1,0.5021140193956265,NS,0.0761040317770936,0,0.6455,0.1539,facility_delivery_pct
Wassa Amenfi West Municipal,Western,Municipal,5.7735167,-2.5321498,131000,46337,80942,3721,35.37175572519084,24.9,42.0,27.83435114503817,29.92595419847328,37.01832061068702,93.2,93.5,91.3,82.8,92.5,86.8,73.6,77.3,62.5,4.5,10.700000000000005,0.8172499999999999,48.0,36.0,25.0,5.75,11.6,84.55,9.7,65.4,1,1,0.2875968699346577,NS,-0.0600035359108538,0,0.5644,0.0451,facility_delivery_pct
Wassa East,Western,District,5.3622378,-1.62070954561049,99641,37626,57945,4070,37.76156401481318,38.0,42.0,53.395690528999104,31.67370861392399,37.61403438343654,93.2,93.5,91.3,82.8,92.5,86.8,73.6,77.3,62.5,4.5,10.700000000000005,0.8172499999999999,48.0,36.0,25.0,5.75,11.6,84.55,9.7,65.4,1,1,0.449911521943329,NS,0.1174925167640063,0,0.6687,0.1172,facility_delivery_pct
Aowin Municipal,Western North,Municipal,5.69311555,-2.7557437678514,133257,48296,81457,3504,36.24274897378749,37.1,41.9,33.74982177296502,38.740929181956666,36.275017447488686,97.7,99.1,97.2,94.2,98.1,95.9,94.2,93.9,87.7,0.0,4.899999999999992,0.95,37.0,22.0,13.0,13.0,8.7,88.4,14.0,47.8,0,0,0.3927283372666224,NS,0.0008143863890086,0,0.8314,0.9837,dhs_no_insurance_women_pct
Bia East,Western North,District,6.817878,-3.00681786775424,53073,20502,31031,1540,38.62981176869595,32.9,41.5,43.88860625930322,42.62619410999943,37.93454298795998,97.7,99.1,97.2,94.2,98.1,95.9,94.2,93.9,87.7,0.0,4.899999999999992,0.95,37.0,22.0,13.0,13.0,8.7,88.4,14.0,47.8,0,0,0.4257023816679905,NS,-0.4517220686763535,0,0.8164,0.984,dhs_no_insurance_women_pct
Bia West,Western North,District,6.56894165,-3.06628883975843,115881,43962,69099,2820,37.93719419059207,24.5,41.3,7.135768590191661,10.34768426230357,33.001958906119214,97.7,99.1,97.2,94.2,98.1,95.9,94.2,93.9,87.7,0.0,4.899999999999992,0.95,37.0,22.0,13.0,13.0,8.7,88.4,14.0,47.8,0,0,0.1861490840076542,NS,-0.2994347642055461,0,0.809,0.976,dhs_no_insurance_women_pct
Bibiani Anhwiaso Bekwai Municipal,Western North,Municipal,6.29602085,-2.23398871855776,167971,59632,102165,6174,35.501366307279234,25.8,41.9,8.897964529591418,13.4892332605033,32.70385959481101,97.7,99.1,97.2,94.2,98.1,95.9,94.2,93.9,87.7,0.0,4.899999999999992,0.95,37.0,22.0,13.0,13.0,8.7,88.4,14.0,47.8,0,0,0.202393967196365,NS,-0.0533819038239592,0,0.8076,0.9779,dhs_no_insurance_women_pct
Bodi,Western North,District,6.24012575,-2.87347603617418,65748,23783,39785,2180,36.17296343615016,18.6,41.7,37.75628155989536,58.55235140232402,35.479406217679625,97.7,99.1,97.2,94.2,98.1,95.9,94.2,93.9,87.7,0.0,4.899999999999992,0.95,37.0,22.0,13.0,13.0,8.7,88.4,14.0,47.8,0,0,0.4055500453942819,NS,0.0133840022535705,0,0.8216,0.9819,dhs_no_insurance_women_pct
Juaboso,Western North,District,6.3415722,-2.8235416,88814,31497,54646,2671,35.46400342288378,18.9,42.3,34.311032044497495,44.93323124732587,33.14792712860585,97.7,99.1,97.2,94.2,98.1,95.9,94.2,93.9,87.7,0.0,4.899999999999992,0.95,37.0,22.0,13.0,13.0,8.7,88.4,14.0,47.8,0,0,0.3780119152154507,NS,-0.1430340982679772,0,0.8194,0.9821,dhs_no_insurance_women_pct
Sefwi Akontombra,Western North,District,6.0425529,-2.8760069,66689,24952,39586,2151,37.41546581895065,24.5,42.2,27.02394697776245,44.27716714900508,37.494939195369554,97.7,99.1,97.2,94.2,98.1,95.9,94.2,93.9,87.7,0.0,4.899999999999992,0.95,37.0,22.0,13.0,13.0,8.7,88.4,14.0,47.8,0,0,0.3519324288234831,NS,-0.0604784765859112,0,0.8174,0.9917,dhs_no_insurance_women_pct
Sefwi Wiawso Municipal,Western North,Municipal,6.30540429999999,-2.51755838219394,151220,52721,93140,5359,34.863774632985056,33.3,42.4,24.679275228144427,28.078296521624125,34.314244147599524,97.7,99.1,97.2,94.2,98.1,95.9,94.2,93.9,87.7,0.0,4.899999999999992,0.95,37.0,22.0,13.0,13.0,8.7,88.4,14.0,47.8,0,0,0.3278668884860381,NS,-0.1944592361909598,0,0.815,0.9923,dhs_no_insurance_women_pct
Suaman,Western North,District,6.10824159999999,-3.00869712063798,38268,12997,24462,809,33.96310233092923,37.5,41.3,58.98923382460541,50.342322567157936,31.833385596320685,97.7,99.1,97.2,94.2,98.1,95.9,94.2,93.9,87.7,0.0,4.899999999999992,0.95,37.0,22.0,13.0,13.0,8.7,88.4,14.0,47.8,0,0,0.51806699280277,NS,0.0745614882037863,0,0.8175,0.9839,dhs_no_insurance_women_pct
